Time,Driver,Position,GapToLeader,IntervalToPositionAhead
0,0 days 00:00:04.779000,11,1,,
1,0 days 00:15:02.381000,11,2,,
2,0 days 00:15:06.789000,11,3,,
3,0 days 00:15:11.276000,11,4,,
4,0 days 00:15:15.837000,11,5,,
5,0 days 00:15:20.579000,11,6,,
6,0 days 00:15:23.380000,11,7,,
7,0 days 00:15:28.175000,11,8,,
8,0 days 00:15:35.630000,11,9,,
9,0 days 00:15:48.236000,11,10,,
10,0 days 00:15:51.978000,11,11,,
11,0 days 00:15:56.697000,11,12,,
12,0 days 00:16:02.989000,11,1,,
13,0 days 00:16:28.728000,11,2,,
14,0 days 00:16:38.887000,11,3,,
15,0 days 00:16:45.462000,11,4,,
16,0 days 00:16:54.015000,11,5,,
17,0 days 00:16:58.412000,11,6,,
18,0 days 00:17:03.117000,11,7,,
19,0 days 00:17:09.141000,11,8,,
20,0 days 00:17:14.404000,11,9,,
21,0 days 00:17:24.427000,11,10,,
22,0 days 00:17:29.827000,11,11,,
23,0 days 00:17:33.904000,11,12,,
24,0 days 00:17:37.670000,11,1,,
25,0 days 00:17:45.737000,11,2,,
26,0 days 00:17:55.881000,11,3,,
27,0 days 00:18:02.803000,11,4,,
28,0 days 00:18:09.882000,11,5,,
29,0 days 00:18:14.281000,11,6,,
30,0 days 00:18:20.808000,11,7,,
31,0 days 00:18:26.100000,11,8,,
32,0 days 00:18:31.556000,11,9,,
33,0 days 00:18:39.890000,11,10,,
34,0 days 00:18:46.444000,11,11,,
35,0 days 00:18:49.389000,11,12,,
36,0 days 00:18:52.051000,11,1,,
37,0 days 00:19:12.044000,11,2,,
38,0 days 00:21:15.289000,11,3,,
39,0 days 00:21:19.451000,11,4,,
40,0 days 00:21:54.046000,11,1,,
41,0 days 00:23:36.969000,11,2,,
42,0 days 00:24:53.220000,11,3,,
43,0 days 00:26:35.540000,11,4,,
44,0 days 00:30:31.772000,11,5,,
45,0 days 00:38:18.706000,11,6,,
46,0 days 00:38:33.009000,11,7,,
47,0 days 00:45:10.334000,11,3,,
48,0 days 00:45:16.051000,11,4,,
49,0 days 00:45:25.509000,11,5,,
50,0 days 00:45:33.159000,11,6,,
51,0 days 00:46:42.285000,11,3,,
52,0 days 00:46:47.686000,11,4,,
53,0 days 00:47:07.965000,11,5,,
54,0 days 00:47:18.292000,11,6,,
55,0 days 00:47:54.328000,11,1,,
56,0 days 00:52:41.236000,11,2,,
57,0 days 01:08:09.758000,11,3,,
58,0 days 01:08:11.950000,11,4,,
59,0 days 01:08:17.579000,11,5,,
60,0 days 01:08:25.045000,11,6,,
61,0 days 01:08:33.454000,11,7,,
62,0 days 01:08:39.433000,11,2,,
63,0 days 01:09:44.725000,11,3,,
64,0 days 01:09:48.287000,11,4,,
65,0 days 01:09:54.872000,11,5,,
66,0 days 01:10:02.674000,11,6,,
67,0 days 01:10:06.987000,11,7,,
68,0 days 01:10:12.233000,11,2,,
69,0 days 01:11:06.442000,11,3,,
70,0 days 01:11:08.799000,11,4,,
71,0 days 01:11:15.108000,11,5,,
72,0 days 01:11:17.588000,11,6,,
73,0 days 01:11:18.645000,11,7,,
74,0 days 01:11:23.772000,11,3,,
75,0 days 00:00:04.779000,16,2,,
76,0 days 00:15:02.381000,16,3,,
77,0 days 00:15:06.789000,16,4,,
78,0 days 00:15:11.276000,16,5,,
79,0 days 00:15:15.837000,16,6,,
80,0 days 00:15:20.579000,16,7,,
81,0 days 00:15:23.380000,16,8,,
82,0 days 00:15:28.175000,16,9,,
83,0 days 00:15:35.630000,16,10,,
84,0 days 00:15:48.236000,16,11,,
85,0 days 00:15:51.978000,16,12,,
86,0 days 00:15:56.697000,16,13,,
87,0 days 00:16:07.325000,16,14,,
88,0 days 00:16:13.244000,16,15,,
89,0 days 00:16:15.627000,16,16,,
90,0 days 00:16:36.368000,16,17,,
91,0 days 00:16:39.072000,16,18,,
92,0 days 00:16:52.922000,16,19,,
93,0 days 00:17:21.837000,16,10,,
94,0 days 00:17:24.427000,16,11,,
95,0 days 00:17:29.827000,16,12,,
96,0 days 00:17:33.904000,16,13,,
97,0 days 00:17:42.712000,16,14,,
98,0 days 00:17:50.595000,16,15,,
99,0 days 00:17:57.722000,16,16,,
100,0 days 00:18:17.806000,16,17,,
101,0 days 00:18:23.987000,16,18,,
102,0 days 00:18:29.422000,16,19,,
103,0 days 00:19:23.441000,16,16,,
104,0 days 00:19:40.031000,16,17,,
105,0 days 00:19:49.768000,16,18,,
106,0 days 00:20:01.109000,16,19,,
107,0 days 00:20:38.318000,16,3,,
108,0 days 00:20:44.308000,16,4,,
109,0 days 00:21:04.476000,16,5,,
110,0 days 00:21:15.289000,16,6,,
111,0 days 00:21:19.451000,16,7,,
112,0 days 00:21:43.235000,16,8,,
113,0 days 00:21:47.805000,16,9,,
114,0 days 00:21:50.623000,16,10,,
115,0 days 00:21:58.623000,16,11,,
116,0 days 00:22:06.326000,16,12,,
117,0 days 00:22:27.499000,16,13,,
118,0 days 00:23:27.398000,16,14,,
119,0 days 00:23:36.969000,16,1,,
120,0 days 00:45:02.691000,16,2,,
121,0 days 00:45:05.177000,16,3,,
122,0 days 00:45:10.334000,16,4,,
123,0 days 00:45:16.051000,16,5,,
124,0 days 00:45:20.505000,16,6,,
125,0 days 00:45:25.509000,16,1,,
126,0 days 00:46:25.012000,16,2,,
127,0 days 00:46:38.942000,16,3,,
128,0 days 00:46:42.285000,16,4,,
129,0 days 00:46:47.686000,16,5,,
130,0 days 00:46:51.468000,16,6,,
131,0 days 00:47:07.965000,16,1,,
132,0 days 00:47:37.602000,16,2,,
133,0 days 00:47:51.052000,16,3,,
134,0 days 00:47:54.328000,16,4,,
135,0 days 00:48:00.550000,16,5,,
136,0 days 00:48:05.289000,16,6,,
137,0 days 00:48:20.036000,16,3,,
138,0 days 00:52:41.236000,16,1,,
139,0 days 00:00:04.779000,55,3,,
140,0 days 00:15:02.381000,55,4,,
141,0 days 00:15:06.789000,55,5,,
142,0 days 00:15:11.276000,55,6,,
143,0 days 00:15:15.837000,55,7,,
144,0 days 00:15:20.579000,55,8,,
145,0 days 00:15:23.380000,55,9,,
146,0 days 00:15:28.175000,55,10,,
147,0 days 00:15:35.630000,55,11,,
148,0 days 00:15:48.236000,55,12,,
149,0 days 00:15:51.978000,55,13,,
150,0 days 00:15:56.697000,55,14,,
151,0 days 00:16:07.325000,55,15,,
152,0 days 00:16:13.244000,55,16,,
153,0 days 00:16:15.627000,55,17,,
154,0 days 00:16:36.368000,55,18,,
155,0 days 00:16:39.072000,55,19,,
156,0 days 00:16:52.922000,55,20,,
157,0 days 00:17:30.308000,55,13,,
158,0 days 00:17:33.904000,55,14,,
159,0 days 00:17:42.712000,55,15,,
160,0 days 00:17:50.595000,55,16,,
161,0 days 00:17:57.722000,55,17,,
162,0 days 00:18:17.806000,55,18,,
163,0 days 00:18:23.987000,55,19,,
164,0 days 00:18:29.422000,55,20,,
165,0 days 00:19:26.858000,55,17,,
166,0 days 00:19:40.031000,55,18,,
167,0 days 00:19:49.768000,55,19,,
168,0 days 00:20:01.109000,55,20,,
169,0 days 00:20:53.040000,55,18,,
170,0 days 00:21:04.476000,55,19,,
171,0 days 00:21:15.289000,55,20,,
172,0 days 00:22:06.326000,55,2,,
173,0 days 00:23:36.969000,55,3,,
174,0 days 00:24:53.220000,55,4,,
175,0 days 00:26:35.540000,55,2,,
176,0 days 00:45:02.691000,55,3,,
177,0 days 00:45:05.177000,55,1,,
178,0 days 00:45:25.509000,55,2,,
179,0 days 00:46:25.012000,55,3,,
180,0 days 00:46:38.942000,55,1,,
181,0 days 00:47:07.965000,55,2,,
182,0 days 00:47:37.602000,55,3,,
183,0 days 00:47:51.052000,55,1,,
184,0 days 00:47:54.328000,55,2,,
185,0 days 00:52:41.236000,55,3,,
186,0 days 01:08:09.758000,55,4,,
187,0 days 01:08:11.950000,55,5,,
188,0 days 01:08:17.579000,55,2,,
189,0 days 01:08:39.433000,55,3,,
190,0 days 01:09:44.725000,55,4,,
191,0 days 01:09:48.287000,55,5,,
192,0 days 01:09:54.872000,55,2,,
193,0 days 01:10:12.233000,55,3,,
194,0 days 01:11:06.442000,55,2,,
195,0 days 00:00:04.779000,1,4,,
196,0 days 00:15:02.381000,1,5,,
197,0 days 00:15:06.789000,1,6,,
198,0 days 00:15:11.276000,1,7,,
199,0 days 00:15:15.837000,1,8,,
200,0 days 00:15:20.579000,1,9,,
201,0 days 00:15:23.380000,1,10,,
202,0 days 00:15:28.175000,1,11,,
203,0 days 00:15:35.630000,1,12,,
204,0 days 00:15:48.236000,1,13,,
205,0 days 00:15:51.978000,1,14,,
206,0 days 00:15:56.697000,1,15,,
207,0 days 00:16:07.325000,1,16,,
208,0 days 00:16:13.244000,1,17,,
209,0 days 00:16:15.627000,1,2,,
210,0 days 00:16:28.728000,1,3,,
211,0 days 00:16:38.887000,1,4,,
212,0 days 00:16:45.462000,1,5,,
213,0 days 00:16:54.015000,1,6,,
214,0 days 00:16:58.412000,1,7,,
215,0 days 00:17:03.117000,1,8,,
216,0 days 00:17:09.141000,1,9,,
217,0 days 00:17:14.404000,1,10,,
218,0 days 00:17:21.837000,1,11,,
219,0 days 00:17:24.427000,1,12,,
220,0 days 00:17:29.827000,1,13,,
221,0 days 00:17:30.308000,1,14,,
222,0 days 00:17:33.904000,1,15,,
223,0 days 00:17:42.712000,1,16,,
224,0 days 00:17:50.595000,1,17,,
225,0 days 00:17:57.722000,1,4,,
226,0 days 00:18:02.803000,1,5,,
227,0 days 00:18:09.882000,1,6,,
228,0 days 00:18:14.281000,1,7,,
229,0 days 00:18:20.808000,1,8,,
230,0 days 00:18:26.100000,1,9,,
231,0 days 00:18:31.556000,1,10,,
232,0 days 00:18:39.890000,1,11,,
233,0 days 00:18:46.444000,1,12,,
234,0 days 00:18:49.389000,1,13,,
235,0 days 00:18:58.491000,1,14,,
236,0 days 00:19:12.044000,1,1,,
237,0 days 00:21:15.289000,1,2,,
238,0 days 00:21:19.451000,1,3,,
239,0 days 00:21:54.046000,1,4,,
240,0 days 00:22:01.301000,1,2,,
241,0 days 00:22:06.326000,1,3,,
242,0 days 00:23:36.969000,1,4,,
243,0 days 00:24:06.234000,1,5,,
244,0 days 00:24:53.220000,1,2,,
245,0 days 00:26:35.540000,1,3,,
246,0 days 00:30:31.772000,1,4,,
247,0 days 00:38:18.706000,1,5,,
248,0 days 00:38:33.009000,1,6,,
249,0 days 00:45:02.691000,1,1,,
250,0 days 00:45:05.177000,1,2,,
251,0 days 00:45:16.051000,1,3,,
252,0 days 00:45:25.509000,1,4,,
253,0 days 00:45:33.159000,1,5,,
254,0 days 00:46:25.012000,1,1,,
255,0 days 00:46:38.942000,1,2,,
256,0 days 00:46:47.686000,1,3,,
257,0 days 00:47:07.965000,1,4,,
258,0 days 00:47:18.292000,1,5,,
259,0 days 00:47:37.602000,1,1,,
260,0 days 00:47:51.052000,1,2,,
261,0 days 00:47:54.328000,1,3,,
262,0 days 00:48:20.036000,1,4,,
263,0 days 00:57:22.557000,1,5,,
264,0 days 01:00:41.385000,1,4,,
265,0 days 01:08:09.758000,1,5,,
266,0 days 01:08:11.950000,1,6,,
267,0 days 01:08:25.045000,1,7,,
268,0 days 01:08:33.454000,1,3,,
269,0 days 01:08:39.433000,1,4,,
270,0 days 01:09:44.725000,1,5,,
271,0 days 01:09:48.287000,1,6,,
272,0 days 01:10:02.674000,1,7,,
273,0 days 01:10:06.987000,1,3,,
274,0 days 01:10:12.233000,1,4,,
275,0 days 01:11:08.799000,1,5,,
276,0 days 01:11:15.108000,1,6,,
277,0 days 01:11:17.588000,1,7,,
278,0 days 01:11:18.645000,1,3,,
279,0 days 01:11:23.772000,1,4,,
280,0 days 00:00:04.779000,10,5,,
281,0 days 00:15:02.381000,10,6,,
282,0 days 00:15:06.789000,10,7,,
283,0 days 00:15:11.276000,10,8,,
284,0 days 00:15:15.837000,10,9,,
285,0 days 00:15:20.579000,10,10,,
286,0 days 00:15:23.380000,10,11,,
287,0 days 00:15:28.175000,10,12,,
288,0 days 00:15:35.630000,10,13,,
289,0 days 00:15:48.236000,10,14,,
290,0 days 00:15:51.978000,10,15,,
291,0 days 00:15:56.697000,10,16,,
292,0 days 00:16:07.325000,10,17,,
293,0 days 00:16:13.244000,10,2,,
294,0 days 00:16:15.627000,10,3,,
295,0 days 00:16:28.728000,10,4,,
296,0 days 00:16:38.887000,10,5,,
297,0 days 00:16:45.462000,10,6,,
298,0 days 00:16:54.015000,10,7,,
299,0 days 00:16:58.412000,10,8,,
300,0 days 00:17:03.117000,10,9,,
301,0 days 00:17:09.141000,10,10,,
302,0 days 00:17:14.404000,10,11,,
303,0 days 00:17:21.837000,10,12,,
304,0 days 00:17:24.427000,10,13,,
305,0 days 00:17:29.827000,10,14,,
306,0 days 00:17:30.308000,10,15,,
307,0 days 00:17:33.904000,10,16,,
308,0 days 00:17:42.712000,10,17,,
309,0 days 00:17:50.595000,10,3,,
310,0 days 00:17:55.881000,10,4,,
311,0 days 00:17:57.722000,10,5,,
312,0 days 00:18:02.803000,10,6,,
313,0 days 00:18:09.882000,10,7,,
314,0 days 00:18:14.281000,10,8,,
315,0 days 00:18:20.808000,10,9,,
316,0 days 00:18:26.100000,10,10,,
317,0 days 00:18:31.556000,10,11,,
318,0 days 00:18:39.890000,10,12,,
319,0 days 00:18:46.444000,10,13,,
320,0 days 00:18:49.389000,10,14,,
321,0 days 00:18:58.491000,10,15,,
322,0 days 00:19:40.031000,10,16,,
323,0 days 00:20:33.716000,10,4,,
324,0 days 00:20:38.318000,10,5,,
325,0 days 00:20:44.308000,10,6,,
326,0 days 00:20:53.852000,10,7,,
327,0 days 00:21:04.476000,10,8,,
328,0 days 00:21:15.289000,10,9,,
329,0 days 00:21:19.451000,10,10,,
330,0 days 00:21:29.082000,10,11,,
331,0 days 00:21:47.805000,10,12,,
332,0 days 00:21:50.623000,10,13,,
333,0 days 00:21:58.623000,10,14,,
334,0 days 00:22:06.326000,10,15,,
335,0 days 00:22:27.499000,10,16,,
336,0 days 00:23:27.398000,10,4,,
337,0 days 00:23:36.969000,10,5,,
338,0 days 00:24:06.234000,10,6,,
339,0 days 00:26:14.804000,10,7,,
340,0 days 00:28:03.717000,10,8,,
341,0 days 00:28:28.023000,10,9,,
342,0 days 00:28:33.054000,10,10,,
343,0 days 00:30:24.925000,10,11,,
344,0 days 00:30:31.772000,10,12,,
345,0 days 00:38:04.810000,10,13,,
346,0 days 00:38:18.706000,10,14,,
347,0 days 00:38:23.793000,10,15,,
348,0 days 00:38:33.009000,10,16,,
349,0 days 00:38:36.379000,10,17,,
350,0 days 00:00:04.779000,4,6,,
351,0 days 00:15:02.381000,4,7,,
352,0 days 00:15:06.789000,4,8,,
353,0 days 00:15:11.276000,4,9,,
354,0 days 00:15:15.837000,4,1,,
355,0 days 00:16:02.989000,4,2,,
356,0 days 00:16:13.244000,4,3,,
357,0 days 00:16:15.627000,4,4,,
358,0 days 00:16:28.728000,4,5,,
359,0 days 00:16:38.887000,4,6,,
360,0 days 00:16:45.462000,4,7,,
361,0 days 00:16:54.015000,4,1,,
362,0 days 00:17:37.670000,4,2,,
363,0 days 00:17:45.737000,4,3,,
364,0 days 00:17:50.595000,4,4,,
365,0 days 00:17:55.881000,4,5,,
366,0 days 00:17:57.722000,4,6,,
367,0 days 00:18:02.803000,4,7,,
368,0 days 00:18:09.882000,4,1,,
369,0 days 00:18:39.890000,4,2,,
370,0 days 00:18:49.389000,4,3,,
371,0 days 00:18:52.051000,4,4,,
372,0 days 00:18:58.491000,4,5,,
373,0 days 00:19:12.044000,4,6,,
374,0 days 00:20:33.716000,4,7,,
375,0 days 00:20:38.318000,4,8,,
376,0 days 00:20:44.308000,4,9,,
377,0 days 00:20:53.852000,4,10,,
378,0 days 00:21:04.476000,4,11,,
379,0 days 00:21:15.289000,4,12,,
380,0 days 00:21:19.451000,4,2,,
381,0 days 00:21:54.046000,4,3,,
382,0 days 00:22:01.301000,4,4,,
383,0 days 00:22:06.326000,4,5,,
384,0 days 00:23:27.398000,4,6,,
385,0 days 00:23:36.969000,4,7,,
386,0 days 00:23:53.133000,4,8,,
387,0 days 00:24:11.266000,4,7,,
388,0 days 00:26:14.804000,4,8,,
389,0 days 00:28:03.717000,4,9,,
390,0 days 00:28:28.023000,4,10,,
391,0 days 00:28:33.054000,4,11,,
392,0 days 00:29:14.415000,4,12,,
393,0 days 00:30:18.433000,4,13,,
394,0 days 00:30:24.925000,4,14,,
395,0 days 00:30:31.772000,4,15,,
396,0 days 00:38:18.706000,4,4,,
397,0 days 00:38:33.009000,4,5,,
398,0 days 00:45:02.691000,4,6,,
399,0 days 00:45:10.334000,4,7,,
400,0 days 00:45:16.051000,4,2,,
401,0 days 00:45:25.509000,4,3,,
402,0 days 00:45:33.159000,4,4,,
403,0 days 00:46:25.012000,4,5,,
404,0 days 00:46:42.285000,4,6,,
405,0 days 00:46:47.686000,4,2,,
406,0 days 00:47:07.965000,4,3,,
407,0 days 00:47:18.292000,4,4,,
408,0 days 00:47:37.602000,4,5,,
409,0 days 00:47:54.328000,4,6,,
410,0 days 00:48:00.550000,4,4,,
411,0 days 00:48:20.036000,4,5,,
412,0 days 00:49:47.593000,4,6,,
413,0 days 00:50:32.317000,4,7,,
414,0 days 00:50:50.027000,4,5,,
415,0 days 00:57:22.557000,4,4,,
416,0 days 01:00:41.385000,4,5,,
417,0 days 01:08:09.758000,4,6,,
418,0 days 01:08:11.950000,4,7,,
419,0 days 01:08:25.045000,4,3,,
420,0 days 01:08:33.454000,4,4,,
421,0 days 01:08:39.433000,4,5,,
422,0 days 01:09:44.725000,4,6,,
423,0 days 01:09:48.287000,4,7,,
424,0 days 01:10:02.674000,4,3,,
425,0 days 01:10:06.987000,4,4,,
426,0 days 01:10:12.233000,4,5,,
427,0 days 01:11:08.799000,4,6,,
428,0 days 01:11:15.108000,4,3,,
429,0 days 01:11:18.645000,4,4,,
430,0 days 01:11:23.772000,4,5,,
431,0 days 01:13:21.653000,4,6,,
432,0 days 01:17:26.006000,4,5,,
433,0 days 00:00:04.779000,44,7,,
434,0 days 00:15:02.381000,44,8,,
435,0 days 00:15:06.789000,44,9,,
436,0 days 00:15:11.276000,44,10,,
437,0 days 00:15:20.579000,44,11,,
438,0 days 00:15:23.380000,44,12,,
439,0 days 00:15:28.175000,44,13,,
440,0 days 00:15:35.630000,44,14,,
441,0 days 00:15:48.236000,44,2,,
442,0 days 00:16:02.989000,44,3,,
443,0 days 00:16:13.244000,44,4,,
444,0 days 00:16:15.627000,44,5,,
445,0 days 00:16:28.728000,44,6,,
446,0 days 00:16:38.887000,44,7,,
447,0 days 00:16:45.462000,44,8,,
448,0 days 00:16:58.412000,44,9,,
449,0 days 00:17:03.117000,44,10,,
450,0 days 00:17:09.141000,44,11,,
451,0 days 00:17:14.404000,44,12,,
452,0 days 00:17:21.837000,44,13,,
453,0 days 00:17:24.427000,44,2,,
454,0 days 00:17:37.670000,44,3,,
455,0 days 00:17:45.737000,44,4,,
456,0 days 00:17:50.595000,44,5,,
457,0 days 00:17:55.881000,44,6,,
458,0 days 00:17:57.722000,44,7,,
459,0 days 00:18:02.803000,44,8,,
460,0 days 00:18:14.281000,44,9,,
461,0 days 00:18:20.808000,44,10,,
462,0 days 00:18:26.100000,44,11,,
463,0 days 00:18:31.556000,44,12,,
464,0 days 00:18:39.890000,44,1,,
465,0 days 00:18:52.051000,44,2,,
466,0 days 00:19:12.044000,44,3,,
467,0 days 00:20:38.318000,44,4,,
468,0 days 00:20:44.308000,44,5,,
469,0 days 00:20:53.852000,44,6,,
470,0 days 00:21:04.476000,44,7,,
471,0 days 00:21:15.289000,44,8,,
472,0 days 00:21:19.451000,44,9,,
473,0 days 00:21:29.082000,44,10,,
474,0 days 00:21:43.235000,44,7,,
475,0 days 00:21:47.805000,44,8,,
476,0 days 00:21:50.623000,44,9,,
477,0 days 00:21:58.623000,44,10,,
478,0 days 00:22:06.326000,44,11,,
479,0 days 00:22:27.499000,44,12,,
480,0 days 00:23:27.398000,44,13,,
481,0 days 00:23:36.969000,44,14,,
482,0 days 00:26:14.804000,44,6,,
483,0 days 00:28:33.054000,44,7,,
484,0 days 00:30:31.772000,44,8,,
485,0 days 00:38:04.810000,44,9,,
486,0 days 00:38:18.706000,44,10,,
487,0 days 00:38:23.793000,44,11,,
488,0 days 00:38:33.009000,44,12,,
489,0 days 00:38:36.379000,44,13,,
490,0 days 00:45:30.941000,44,7,,
491,0 days 00:45:33.159000,44,8,,
492,0 days 00:45:43.043000,44,9,,
493,0 days 00:45:47.716000,44,10,,
494,0 days 00:46:09.532000,44,11,,
495,0 days 00:47:09.744000,44,7,,
496,0 days 00:47:18.292000,44,8,,
497,0 days 00:47:24.687000,44,9,,
498,0 days 00:47:28.845000,44,10,,
499,0 days 00:47:34.225000,44,11,,
500,0 days 00:48:34.738000,44,7,,
501,0 days 00:48:37.829000,44,8,,
502,0 days 00:48:43.403000,44,9,,
503,0 days 00:48:46.304000,44,10,,
504,0 days 00:48:59.118000,44,11,,
505,0 days 00:49:08.783000,44,12,,
506,0 days 00:49:47.593000,44,5,,
507,0 days 00:50:32.317000,44,6,,
508,0 days 00:50:50.027000,44,7,,
509,0 days 00:57:27.323000,44,8,,
510,0 days 00:59:00.563000,44,9,,
511,0 days 00:59:54.904000,44,10,,
512,0 days 01:00:01.228000,44,7,,
513,0 days 01:08:09.758000,44,2,,
514,0 days 01:08:17.579000,44,3,,
515,0 days 01:08:25.045000,44,4,,
516,0 days 01:08:33.454000,44,5,,
517,0 days 01:08:39.433000,44,6,,
518,0 days 01:09:44.725000,44,2,,
519,0 days 01:09:54.872000,44,3,,
520,0 days 01:10:02.674000,44,4,,
521,0 days 01:10:06.987000,44,5,,
522,0 days 01:10:12.233000,44,6,,
523,0 days 01:11:08.799000,44,3,,
524,0 days 01:11:15.108000,44,4,,
525,0 days 01:11:18.645000,44,5,,
526,0 days 01:11:23.772000,44,6,,
527,0 days 01:13:21.653000,44,7,,
528,0 days 01:18:18.365000,44,8,,
529,0 days 00:00:04.779000,20,8,,
530,0 days 00:15:02.381000,20,1,,
531,0 days 00:15:15.837000,20,2,,
532,0 days 00:15:48.236000,20,3,,
533,0 days 00:16:02.989000,20,4,,
534,0 days 00:16:13.244000,20,5,,
535,0 days 00:16:15.627000,20,6,,
536,0 days 00:16:28.728000,20,1,,
537,0 days 00:16:54.015000,20,2,,
538,0 days 00:17:24.427000,20,3,,
539,0 days 00:17:37.670000,20,4,,
540,0 days 00:17:45.737000,20,1,,
541,0 days 00:17:55.881000,20,2,,
542,0 days 00:18:09.882000,20,3,,
543,0 days 00:18:14.281000,20,4,,
544,0 days 00:18:26.100000,20,5,,
545,0 days 00:18:39.890000,20,6,,
546,0 days 00:18:46.444000,20,7,,
547,0 days 00:18:49.389000,20,8,,
548,0 days 00:18:52.051000,20,9,,
549,0 days 00:18:58.491000,20,10,,
550,0 days 00:19:12.044000,20,11,,
551,0 days 00:19:40.031000,20,12,,
552,0 days 00:20:33.716000,20,13,,
553,0 days 00:20:38.318000,20,14,,
554,0 days 00:20:44.308000,20,3,,
555,0 days 00:21:04.476000,20,4,,
556,0 days 00:21:15.289000,20,5,,
557,0 days 00:21:19.451000,20,6,,
558,0 days 00:21:47.805000,20,7,,
559,0 days 00:21:50.623000,20,8,,
560,0 days 00:21:58.623000,20,9,,
561,0 days 00:22:06.326000,20,10,,
562,0 days 00:22:27.499000,20,11,,
563,0 days 00:23:27.398000,20,12,,
564,0 days 00:23:36.969000,20,13,,
565,0 days 00:26:14.804000,20,14,,
566,0 days 00:28:03.717000,20,15,,
567,0 days 00:28:28.023000,20,16,,
568,0 days 00:28:33.054000,20,5,,
569,0 days 00:30:31.772000,20,6,,
570,0 days 00:38:18.706000,20,7,,
571,0 days 00:38:33.009000,20,8,,
572,0 days 00:45:20.505000,20,9,,
573,0 days 00:45:30.941000,20,10,,
574,0 days 00:45:43.043000,20,11,,
575,0 days 00:45:47.716000,20,12,,
576,0 days 00:46:00.221000,20,13,,
577,0 days 00:46:09.532000,20,7,,
578,0 days 00:46:51.468000,20,8,,
579,0 days 00:47:09.744000,20,9,,
580,0 days 00:47:24.687000,20,10,,
581,0 days 00:47:28.845000,20,11,,
582,0 days 00:47:32.808000,20,12,,
583,0 days 00:47:34.225000,20,7,,
584,0 days 00:48:05.289000,20,8,,
585,0 days 00:48:34.738000,20,9,,
586,0 days 00:48:37.829000,20,10,,
587,0 days 00:48:43.403000,20,11,,
588,0 days 00:48:46.304000,20,12,,
589,0 days 00:48:59.118000,20,10,,
590,0 days 00:49:08.783000,20,11,,
591,0 days 00:49:47.593000,20,12,,
592,0 days 00:50:05.545000,20,13,,
593,0 days 00:50:11.954000,20,9,,
594,0 days 00:50:32.317000,20,10,,
595,0 days 00:50:58.965000,20,11,,
596,0 days 00:57:03.792000,20,12,,
597,0 days 00:57:27.323000,20,13,,
598,0 days 00:59:06.746000,20,10,,
599,0 days 00:59:54.904000,20,11,,
600,0 days 01:00:17.841000,20,12,,
601,0 days 01:00:32.822000,20,13,,
602,0 days 00:00:04.779000,63,9,,
603,0 days 00:15:06.789000,63,10,,
604,0 days 00:15:11.276000,63,11,,
605,0 days 00:15:20.579000,63,12,,
606,0 days 00:15:23.380000,63,13,,
607,0 days 00:15:28.175000,63,14,,
608,0 days 00:15:35.630000,63,15,,
609,0 days 00:15:51.978000,63,4,,
610,0 days 00:16:02.989000,63,5,,
611,0 days 00:16:13.244000,63,6,,
612,0 days 00:16:15.627000,63,7,,
613,0 days 00:16:38.887000,63,8,,
614,0 days 00:16:45.462000,63,9,,
615,0 days 00:16:58.412000,63,10,,
616,0 days 00:17:03.117000,63,11,,
617,0 days 00:17:09.141000,63,12,,
618,0 days 00:17:14.404000,63,13,,
619,0 days 00:17:21.837000,63,14,,
620,0 days 00:17:29.827000,63,4,,
621,0 days 00:17:37.670000,63,5,,
622,0 days 00:17:50.595000,63,6,,
623,0 days 00:17:55.881000,63,7,,
624,0 days 00:17:57.722000,63,8,,
625,0 days 00:18:02.803000,63,9,,
626,0 days 00:18:14.281000,63,10,,
627,0 days 00:18:20.808000,63,11,,
628,0 days 00:18:26.100000,63,12,,
629,0 days 00:18:31.556000,63,13,,
630,0 days 00:18:46.444000,63,4,,
631,0 days 00:18:49.389000,63,5,,
632,0 days 00:18:52.051000,63,6,,
633,0 days 00:18:58.491000,63,7,,
634,0 days 00:19:12.044000,63,8,,
635,0 days 00:19:40.031000,63,9,,
636,0 days 00:20:33.716000,63,10,,
637,0 days 00:20:38.318000,63,11,,
638,0 days 00:20:44.308000,63,12,,
639,0 days 00:20:53.852000,63,13,,
640,0 days 00:21:04.476000,63,14,,
641,0 days 00:21:15.289000,63,15,,
642,0 days 00:21:24.003000,63,16,,
643,0 days 00:21:29.082000,63,17,,
644,0 days 00:21:38.754000,63,18,,
645,0 days 00:21:47.805000,63,5,,
646,0 days 00:22:06.326000,63,6,,
647,0 days 00:23:27.398000,63,7,,
648,0 days 00:23:36.969000,63,8,,
649,0 days 00:23:53.133000,63,9,,
650,0 days 00:24:35.541000,63,8,,
651,0 days 00:26:14.804000,63,9,,
652,0 days 00:28:03.717000,63,10,,
653,0 days 00:28:28.023000,63,11,,
654,0 days 00:28:33.054000,63,12,,
655,0 days 00:29:14.415000,63,13,,
656,0 days 00:30:18.433000,63,14,,
657,0 days 00:30:24.925000,63,15,,
658,0 days 00:30:31.772000,63,3,,
659,0 days 00:45:02.691000,63,4,,
660,0 days 00:45:10.334000,63,5,,
661,0 days 00:45:16.051000,63,6,,
662,0 days 00:45:20.505000,63,7,,
663,0 days 00:45:30.941000,63,8,,
664,0 days 00:45:33.159000,63,3,,
665,0 days 00:46:25.012000,63,4,,
666,0 days 00:46:42.285000,63,5,,
667,0 days 00:46:47.686000,63,6,,
668,0 days 00:46:51.468000,63,7,,
669,0 days 00:47:09.744000,63,8,,
670,0 days 00:47:18.292000,63,3,,
671,0 days 00:47:37.602000,63,4,,
672,0 days 00:47:54.328000,63,5,,
673,0 days 00:48:00.550000,63,6,,
674,0 days 00:48:05.289000,63,7,,
675,0 days 00:48:34.738000,63,8,,
676,0 days 00:48:37.829000,63,9,,
677,0 days 00:48:43.403000,63,10,,
678,0 days 00:48:46.304000,63,11,,
679,0 days 00:48:59.118000,63,12,,
680,0 days 00:49:08.783000,63,13,,
681,0 days 00:50:05.545000,63,7,,
682,0 days 00:50:32.317000,63,8,,
683,0 days 00:57:27.323000,63,9,,
684,0 days 00:59:00.563000,63,6,,
685,0 days 00:59:54.904000,63,7,,
686,0 days 01:00:01.228000,63,8,,
687,0 days 01:00:17.841000,63,9,,
688,0 days 01:08:11.950000,63,3,,
689,0 days 01:08:17.579000,63,4,,
690,0 days 01:08:25.045000,63,5,,
691,0 days 01:08:33.454000,63,6,,
692,0 days 01:08:39.433000,63,7,,
693,0 days 01:08:54.308000,63,8,,
694,0 days 01:09:48.287000,63,3,,
695,0 days 01:09:54.872000,63,4,,
696,0 days 01:10:02.674000,63,5,,
697,0 days 01:10:06.987000,63,6,,
698,0 days 01:10:12.233000,63,7,,
699,0 days 01:10:19.970000,63,8,,
700,0 days 01:11:17.588000,63,5,,
701,0 days 01:11:18.645000,63,6,,
702,0 days 01:11:23.772000,63,7,,
703,0 days 01:11:36.919000,63,8,,
704,0 days 01:12:13.376000,63,9,,
705,0 days 01:12:30.238000,63,7,,
706,0 days 01:13:21.653000,63,8,,
707,0 days 01:18:18.365000,63,6,,
708,0 days 00:00:04.779000,14,10,,
709,0 days 00:15:06.789000,14,11,,
710,0 days 00:15:11.276000,14,12,,
711,0 days 00:15:20.579000,14,13,,
712,0 days 00:15:23.380000,14,14,,
713,0 days 00:15:28.175000,14,15,,
714,0 days 00:15:35.630000,14,16,,
715,0 days 00:15:56.697000,14,17,,
716,0 days 00:16:07.325000,14,18,,
717,0 days 00:16:36.368000,14,19,,
718,0 days 00:16:39.072000,14,20,,
719,0 days 00:16:52.922000,14,10,,
720,0 days 00:16:58.412000,14,11,,
721,0 days 00:17:03.117000,14,12,,
722,0 days 00:17:09.141000,14,13,,
723,0 days 00:17:14.404000,14,14,,
724,0 days 00:17:21.837000,14,15,,
725,0 days 00:17:30.308000,14,16,,
726,0 days 00:17:33.904000,14,17,,
727,0 days 00:17:42.712000,14,18,,
728,0 days 00:18:17.806000,14,19,,
729,0 days 00:18:23.987000,14,20,,
730,0 days 00:18:29.422000,14,13,,
731,0 days 00:18:31.556000,14,14,,
732,0 days 00:18:49.389000,14,15,,
733,0 days 00:18:58.491000,14,16,,
734,0 days 00:19:23.441000,14,17,,
735,0 days 00:19:26.858000,14,18,,
736,0 days 00:19:40.031000,14,19,,
737,0 days 00:19:49.768000,14,20,,
738,0 days 00:20:01.109000,14,17,,
739,0 days 00:20:38.318000,14,18,,
740,0 days 00:20:53.040000,14,19,,
741,0 days 00:21:04.476000,14,20,,
742,0 days 00:21:15.289000,14,1,,
743,0 days 00:21:54.046000,14,2,,
744,0 days 00:22:01.301000,14,3,,
745,0 days 00:22:06.326000,14,4,,
746,0 days 00:23:27.398000,14,5,,
747,0 days 00:23:36.969000,14,6,,
748,0 days 00:23:53.133000,14,7,,
749,0 days 00:24:06.234000,14,4,,
750,0 days 00:24:53.220000,14,5,,
751,0 days 00:28:33.054000,14,6,,
752,0 days 00:30:31.772000,14,7,,
753,0 days 00:38:04.810000,14,8,,
754,0 days 00:38:18.706000,14,9,,
755,0 days 00:38:23.793000,14,10,,
756,0 days 00:38:33.009000,14,11,,
757,0 days 00:38:36.379000,14,12,,
758,0 days 00:45:30.941000,14,13,,
759,0 days 00:46:00.221000,14,14,,
760,0 days 00:46:12.626000,14,15,,
761,0 days 00:47:49.489000,14,14,,
762,0 days 00:48:13.726000,14,15,,
763,0 days 00:49:19.616000,14,14,,
764,0 days 00:49:45.913000,14,15,,
765,0 days 00:50:32.317000,14,5,,
766,0 days 00:50:50.027000,14,6,,
767,0 days 00:59:00.563000,14,7,,
768,0 days 00:59:54.904000,14,8,,
769,0 days 01:00:01.228000,14,9,,
770,0 days 01:00:17.841000,14,10,,
771,0 days 01:10:42.982000,14,9,,
772,0 days 01:10:45.295000,14,10,,
773,0 days 01:12:09.428000,14,9,,
774,0 days 01:12:13.376000,14,10,,
775,0 days 01:13:21.653000,14,5,,
776,0 days 01:17:26.006000,14,6,,
777,0 days 01:18:18.365000,14,7,,
778,0 days 00:00:04.779000,22,11,,
779,0 days 00:15:06.789000,22,12,,
780,0 days 00:15:11.276000,22,13,,
781,0 days 00:15:20.579000,22,14,,
782,0 days 00:15:23.380000,22,15,,
783,0 days 00:15:28.175000,22,16,,
784,0 days 00:15:35.630000,22,17,,
785,0 days 00:15:56.697000,22,18,,
786,0 days 00:16:07.325000,22,6,,
787,0 days 00:16:13.244000,22,7,,
788,0 days 00:16:15.627000,22,8,,
789,0 days 00:16:38.887000,22,9,,
790,0 days 00:16:45.462000,22,10,,
791,0 days 00:16:52.922000,22,11,,
792,0 days 00:16:58.412000,22,12,,
793,0 days 00:17:03.117000,22,13,,
794,0 days 00:17:09.141000,22,14,,
795,0 days 00:17:14.404000,22,15,,
796,0 days 00:17:21.837000,22,16,,
797,0 days 00:17:30.308000,22,17,,
798,0 days 00:17:33.904000,22,18,,
799,0 days 00:17:42.712000,22,6,,
800,0 days 00:17:50.595000,22,7,,
801,0 days 00:17:55.881000,22,8,,
802,0 days 00:17:57.722000,22,9,,
803,0 days 00:18:02.803000,22,10,,
804,0 days 00:18:14.281000,22,11,,
805,0 days 00:18:20.808000,22,12,,
806,0 days 00:18:26.100000,22,13,,
807,0 days 00:18:29.422000,22,14,,
808,0 days 00:18:31.556000,22,15,,
809,0 days 00:18:49.389000,22,16,,
810,0 days 00:18:58.491000,22,4,,
811,0 days 00:19:12.044000,22,5,,
812,0 days 00:20:33.716000,22,6,,
813,0 days 00:20:38.318000,22,7,,
814,0 days 00:20:44.308000,22,8,,
815,0 days 00:20:53.852000,22,9,,
816,0 days 00:21:04.476000,22,10,,
817,0 days 00:21:15.289000,22,11,,
818,0 days 00:21:19.451000,22,12,,
819,0 days 00:21:24.003000,22,13,,
820,0 days 00:21:29.082000,22,14,,
821,0 days 00:21:47.805000,22,15,,
822,0 days 00:21:58.623000,22,6,,
823,0 days 00:22:06.326000,22,7,,
824,0 days 00:23:27.398000,22,8,,
825,0 days 00:23:36.969000,22,9,,
826,0 days 00:23:53.133000,22,10,,
827,0 days 00:24:45.114000,22,11,,
828,0 days 00:26:14.804000,22,12,,
829,0 days 00:28:03.717000,22,13,,
830,0 days 00:28:28.023000,22,14,,
831,0 days 00:28:33.054000,22,15,,
832,0 days 00:29:14.415000,22,16,,
833,0 days 00:29:46.443000,22,17,,
834,0 days 00:30:18.433000,22,18,,
835,0 days 00:30:24.925000,22,19,,
836,0 days 00:38:36.379000,22,9,,
837,0 days 00:45:20.505000,22,5,,
838,0 days 00:45:25.509000,22,6,,
839,0 days 00:45:33.159000,22,7,,
840,0 days 00:46:09.532000,22,8,,
841,0 days 00:46:51.468000,22,5,,
842,0 days 00:47:07.965000,22,6,,
843,0 days 00:47:18.292000,22,7,,
844,0 days 00:47:34.225000,22,8,,
845,0 days 00:48:05.289000,22,5,,
846,0 days 00:48:20.036000,22,6,,
847,0 days 00:48:37.829000,22,7,,
848,0 days 00:48:46.304000,22,8,,
849,0 days 00:49:47.593000,22,9,,
850,0 days 00:50:05.545000,22,10,,
851,0 days 00:50:11.954000,22,11,,
852,0 days 00:50:32.317000,22,12,,
853,0 days 00:50:58.965000,22,13,,
854,0 days 00:57:03.792000,22,14,,
855,0 days 00:57:27.323000,22,7,,
856,0 days 00:59:00.563000,22,8,,
857,0 days 00:59:54.904000,22,9,,
858,0 days 01:00:01.228000,22,10,,
859,0 days 01:00:17.841000,22,11,,
860,0 days 00:00:04.779000,47,12,,
861,0 days 00:15:06.789000,47,2,,
862,0 days 00:15:15.837000,47,3,,
863,0 days 00:15:48.236000,47,4,,
864,0 days 00:15:51.978000,47,5,,
865,0 days 00:16:02.989000,47,6,,
866,0 days 00:16:07.325000,47,7,,
867,0 days 00:16:13.244000,47,8,,
868,0 days 00:16:15.627000,47,9,,
869,0 days 00:16:38.887000,47,2,,
870,0 days 00:16:54.015000,47,3,,
871,0 days 00:17:24.427000,47,4,,
872,0 days 00:17:29.827000,47,5,,
873,0 days 00:17:37.670000,47,6,,
874,0 days 00:17:42.712000,47,7,,
875,0 days 00:17:50.595000,47,8,,
876,0 days 00:17:55.881000,47,1,,
877,0 days 00:18:09.882000,47,2,,
878,0 days 00:18:14.281000,47,3,,
879,0 days 00:18:26.100000,47,4,,
880,0 days 00:18:39.890000,47,5,,
881,0 days 00:18:46.444000,47,6,,
882,0 days 00:18:49.389000,47,7,,
883,0 days 00:18:52.051000,47,8,,
884,0 days 00:18:58.491000,47,9,,
885,0 days 00:19:12.044000,47,10,,
886,0 days 00:19:40.031000,47,11,,
887,0 days 00:20:33.716000,47,12,,
888,0 days 00:20:38.318000,47,13,,
889,0 days 00:20:44.308000,47,14,,
890,0 days 00:20:53.852000,47,15,,
891,0 days 00:21:04.476000,47,16,,
892,0 days 00:21:15.289000,47,17,,
893,0 days 00:21:24.003000,47,18,,
894,0 days 00:21:38.754000,47,19,,
895,0 days 00:22:06.326000,47,20,,
896,0 days 00:28:03.717000,47,7,,
897,0 days 00:28:33.054000,47,8,,
898,0 days 00:30:31.772000,47,9,,
899,0 days 00:38:04.810000,47,10,,
900,0 days 00:38:18.706000,47,11,,
901,0 days 00:38:23.793000,47,12,,
902,0 days 00:38:33.009000,47,13,,
903,0 days 00:38:36.379000,47,14,,
904,0 days 00:46:00.221000,47,15,,
905,0 days 00:46:12.626000,47,12,,
906,0 days 00:47:32.808000,47,13,,
907,0 days 00:47:44.742000,47,12,,
908,0 days 00:48:46.304000,47,13,,
909,0 days 00:49:08.783000,47,10,,
910,0 days 00:49:47.593000,47,11,,
911,0 days 00:50:05.545000,47,12,,
912,0 days 00:50:11.954000,47,13,,
913,0 days 00:50:32.317000,47,14,,
914,0 days 00:50:58.965000,47,15,,
915,0 days 00:59:12.007000,47,13,,
916,0 days 01:00:17.841000,47,14,,
917,0 days 01:00:32.822000,47,15,,
918,0 days 00:00:04.779000,5,13,,
919,0 days 00:15:11.276000,5,14,,
920,0 days 00:15:20.579000,5,15,,
921,0 days 00:15:23.380000,5,16,,
922,0 days 00:15:28.175000,5,4,,
923,0 days 00:15:48.236000,5,5,,
924,0 days 00:15:51.978000,5,6,,
925,0 days 00:16:02.989000,5,7,,
926,0 days 00:16:07.325000,5,8,,
927,0 days 00:16:13.244000,5,9,,
928,0 days 00:16:15.627000,5,10,,
929,0 days 00:16:45.462000,5,11,,
930,0 days 00:16:52.922000,5,12,,
931,0 days 00:16:58.412000,5,13,,
932,0 days 00:17:03.117000,5,14,,
933,0 days 00:17:09.141000,5,4,,
934,0 days 00:17:24.427000,5,5,,
935,0 days 00:17:29.827000,5,6,,
936,0 days 00:17:37.670000,5,7,,
937,0 days 00:17:42.712000,5,8,,
938,0 days 00:17:50.595000,5,9,,
939,0 days 00:17:57.722000,5,10,,
940,0 days 00:18:02.803000,5,11,,
941,0 days 00:18:14.281000,5,12,,
942,0 days 00:18:20.808000,5,13,,
943,0 days 00:18:26.100000,5,3,,
944,0 days 00:18:39.890000,5,4,,
945,0 days 00:18:46.444000,5,5,,
946,0 days 00:18:49.389000,5,6,,
947,0 days 00:18:52.051000,5,7,,
948,0 days 00:18:58.491000,5,8,,
949,0 days 00:19:12.044000,5,9,,
950,0 days 00:19:40.031000,5,10,,
951,0 days 00:20:33.716000,5,11,,
952,0 days 00:20:38.318000,5,12,,
953,0 days 00:20:44.308000,5,13,,
954,0 days 00:20:53.852000,5,14,,
955,0 days 00:21:04.476000,5,15,,
956,0 days 00:21:15.289000,5,16,,
957,0 days 00:21:24.003000,5,17,,
958,0 days 00:21:29.082000,5,8,,
959,0 days 00:21:43.235000,5,9,,
960,0 days 00:21:47.805000,5,10,,
961,0 days 00:21:50.623000,5,11,,
962,0 days 00:21:58.623000,5,12,,
963,0 days 00:22:06.326000,5,13,,
964,0 days 00:22:27.499000,5,14,,
965,0 days 00:23:27.398000,5,15,,
966,0 days 00:23:45.244000,5,16,,
967,0 days 00:28:03.717000,5,17,,
968,0 days 00:29:46.443000,5,18,,
969,0 days 00:30:18.433000,5,12,,
970,0 days 00:30:24.925000,5,13,,
971,0 days 00:30:31.772000,5,14,,
972,0 days 00:38:04.810000,5,7,,
973,0 days 00:38:18.706000,5,8,,
974,0 days 00:38:33.009000,5,9,,
975,0 days 00:38:36.379000,5,10,,
976,0 days 00:45:30.941000,5,11,,
977,0 days 00:45:43.043000,5,8,,
978,0 days 00:46:09.532000,5,9,,
979,0 days 00:47:09.744000,5,10,,
980,0 days 00:47:24.687000,5,8,,
981,0 days 00:47:34.225000,5,9,,
982,0 days 00:48:34.738000,5,10,,
983,0 days 00:48:37.829000,5,6,,
984,0 days 00:49:47.593000,5,7,,
985,0 days 00:50:05.545000,5,8,,
986,0 days 00:50:32.317000,5,9,,
987,0 days 00:50:58.965000,5,10,,
988,0 days 00:57:03.792000,5,11,,
989,0 days 00:57:27.323000,5,12,,
990,0 days 00:59:06.746000,5,13,,
991,0 days 00:59:12.007000,5,14,,
992,0 days 01:00:17.841000,5,8,,
993,0 days 01:08:11.950000,5,9,,
994,0 days 01:08:54.308000,5,7,,
995,0 days 01:09:48.287000,5,8,,
996,0 days 01:10:19.970000,5,7,,
997,0 days 01:11:17.588000,5,8,,
998,0 days 01:11:36.919000,5,7,,
999,0 days 01:12:30.238000,5,8,,
1000,0 days 01:13:21.653000,5,9,,
1001,0 days 00:00:04.779000,77,14,,
1002,0 days 00:15:11.276000,77,15,,
1003,0 days 00:15:20.579000,77,4,,
1004,0 days 00:15:28.175000,77,5,,
1005,0 days 00:15:48.236000,77,6,,
1006,0 days 00:15:51.978000,77,7,,
1007,0 days 00:16:02.989000,77,8,,
1008,0 days 00:16:07.325000,77,9,,
1009,0 days 00:16:13.244000,77,10,,
1010,0 days 00:16:15.627000,77,11,,
1011,0 days 00:16:45.462000,77,12,,
1012,0 days 00:16:52.922000,77,13,,
1013,0 days 00:16:58.412000,77,4,,
1014,0 days 00:17:09.141000,77,5,,
1015,0 days 00:17:24.427000,77,6,,
1016,0 days 00:17:29.827000,77,7,,
1017,0 days 00:17:37.670000,77,8,,
1018,0 days 00:17:42.712000,77,9,,
1019,0 days 00:17:50.595000,77,10,,
1020,0 days 00:17:57.722000,77,11,,
1021,0 days 00:18:02.803000,77,12,,
1022,0 days 00:18:14.281000,77,2,,
1023,0 days 00:18:39.890000,77,3,,
1024,0 days 00:18:49.389000,77,4,,
1025,0 days 00:18:52.051000,77,5,,
1026,0 days 00:18:58.491000,77,6,,
1027,0 days 00:19:12.044000,77,7,,
1028,0 days 00:20:33.716000,77,8,,
1029,0 days 00:20:38.318000,77,9,,
1030,0 days 00:20:44.308000,77,10,,
1031,0 days 00:20:53.852000,77,11,,
1032,0 days 00:21:04.476000,77,12,,
1033,0 days 00:21:15.289000,77,13,,
1034,0 days 00:21:24.003000,77,14,,
1035,0 days 00:21:29.082000,77,15,,
1036,0 days 00:21:47.805000,77,16,,
1037,0 days 00:22:06.326000,77,17,,
1038,0 days 00:22:27.499000,77,18,,
1039,0 days 00:24:32.212000,77,19,,
1040,0 days 00:28:03.717000,77,20,,
1041,0 days 00:30:24.925000,77,9,,
1042,0 days 00:30:31.772000,77,10,,
1043,0 days 00:38:04.810000,77,11,,
1044,0 days 00:38:18.706000,77,12,,
1045,0 days 00:38:23.793000,77,13,,
1046,0 days 00:38:33.009000,77,14,,
1047,0 days 00:38:36.379000,77,15,,
1048,0 days 00:46:00.221000,77,11,,
1049,0 days 00:46:09.532000,77,12,,
1050,0 days 00:46:12.626000,77,13,,
1051,0 days 00:47:32.808000,77,11,,
1052,0 days 00:47:34.225000,77,12,,
1053,0 days 00:47:44.742000,77,13,,
1054,0 days 00:48:46.304000,77,7,,
1055,0 days 00:49:47.593000,77,8,,
1056,0 days 00:50:05.545000,77,9,,
1057,0 days 00:50:11.954000,77,10,,
1058,0 days 00:50:32.317000,77,11,,
1059,0 days 00:50:58.965000,77,12,,
1060,0 days 00:57:03.792000,77,13,,
1061,0 days 00:57:27.323000,77,14,,
1062,0 days 00:59:12.007000,77,15,,
1063,0 days 01:00:32.822000,77,12,,
1064,0 days 00:00:04.779000,23,15,,
1065,0 days 00:15:11.276000,23,3,,
1066,0 days 00:15:15.837000,23,4,,
1067,0 days 00:15:20.579000,23,5,,
1068,0 days 00:15:28.175000,23,6,,
1069,0 days 00:15:48.236000,23,7,,
1070,0 days 00:15:51.978000,23,8,,
1071,0 days 00:16:02.989000,23,9,,
1072,0 days 00:16:07.325000,23,10,,
1073,0 days 00:16:13.244000,23,11,,
1074,0 days 00:16:15.627000,23,12,,
1075,0 days 00:16:45.462000,23,3,,
1076,0 days 00:16:54.015000,23,4,,
1077,0 days 00:16:58.412000,23,5,,
1078,0 days 00:17:09.141000,23,6,,
1079,0 days 00:17:24.427000,23,7,,
1080,0 days 00:17:29.827000,23,8,,
1081,0 days 00:17:37.670000,23,9,,
1082,0 days 00:17:42.712000,23,10,,
1083,0 days 00:17:50.595000,23,11,,
1084,0 days 00:17:57.722000,23,12,,
1085,0 days 00:18:02.803000,23,3,,
1086,0 days 00:18:09.882000,23,4,,
1087,0 days 00:18:14.281000,23,5,,
1088,0 days 00:18:26.100000,23,6,,
1089,0 days 00:18:31.556000,23,7,,
1090,0 days 00:18:39.890000,23,8,,
1091,0 days 00:18:46.444000,23,9,,
1092,0 days 00:18:49.389000,23,10,,
1093,0 days 00:18:52.051000,23,11,,
1094,0 days 00:18:58.491000,23,12,,
1095,0 days 00:19:12.044000,23,13,,
1096,0 days 00:19:40.031000,23,14,,
1097,0 days 00:20:33.716000,23,15,,
1098,0 days 00:20:38.318000,23,16,,
1099,0 days 00:20:53.852000,23,5,,
1100,0 days 00:21:04.476000,23,6,,
1101,0 days 00:21:15.289000,23,7,,
1102,0 days 00:21:19.451000,23,8,,
1103,0 days 00:21:29.082000,23,9,,
1104,0 days 00:21:43.235000,23,10,,
1105,0 days 00:21:47.805000,23,11,,
1106,0 days 00:21:50.623000,23,12,,
1107,0 days 00:21:58.623000,23,13,,
1108,0 days 00:22:06.326000,23,14,,
1109,0 days 00:22:27.499000,23,15,,
1110,0 days 00:23:27.398000,23,16,,
1111,0 days 00:23:45.244000,23,15,,
1112,0 days 00:28:03.717000,23,16,,
1113,0 days 00:28:28.023000,23,8,,
1114,0 days 00:28:33.054000,23,9,,
1115,0 days 00:30:24.925000,23,10,,
1116,0 days 00:30:31.772000,23,11,,
1117,0 days 00:38:04.810000,23,12,,
1118,0 days 00:38:18.706000,23,13,,
1119,0 days 00:38:23.793000,23,14,,
1120,0 days 00:38:33.009000,23,15,,
1121,0 days 00:38:36.379000,23,16,,
1122,0 days 00:00:04.779000,3,16,,
1123,0 days 00:15:23.380000,3,17,,
1124,0 days 00:15:35.630000,3,18,,
1125,0 days 00:15:56.697000,3,9,,
1126,0 days 00:16:02.989000,3,10,,
1127,0 days 00:16:07.325000,3,11,,
1128,0 days 00:16:13.244000,3,12,,
1129,0 days 00:16:15.627000,3,13,,
1130,0 days 00:16:52.922000,3,14,,
1131,0 days 00:17:03.117000,3,15,,
1132,0 days 00:17:14.404000,3,16,,
1133,0 days 00:17:21.837000,3,17,,
1134,0 days 00:17:30.308000,3,18,,
1135,0 days 00:17:33.904000,3,9,,
1136,0 days 00:17:37.670000,3,10,,
1137,0 days 00:17:42.712000,3,11,,
1138,0 days 00:17:50.595000,3,12,,
1139,0 days 00:17:57.722000,3,13,,
1140,0 days 00:18:20.808000,3,14,,
1141,0 days 00:18:29.422000,3,15,,
1142,0 days 00:18:31.556000,3,16,,
1143,0 days 00:18:49.389000,3,2,,
1144,0 days 00:18:52.051000,3,3,,
1145,0 days 00:19:12.044000,3,4,,
1146,0 days 00:20:33.716000,3,5,,
1147,0 days 00:20:38.318000,3,6,,
1148,0 days 00:20:44.308000,3,7,,
1149,0 days 00:20:53.852000,3,8,,
1150,0 days 00:21:04.476000,3,9,,
1151,0 days 00:21:15.289000,3,10,,
1152,0 days 00:21:19.451000,3,11,,
1153,0 days 00:21:29.082000,3,12,,
1154,0 days 00:21:47.805000,3,13,,
1155,0 days 00:21:50.623000,3,6,,
1156,0 days 00:21:58.623000,3,7,,
1157,0 days 00:22:06.326000,3,8,,
1158,0 days 00:23:27.398000,3,9,,
1159,0 days 00:23:36.969000,3,10,,
1160,0 days 00:23:53.133000,3,11,,
1161,0 days 00:24:45.114000,3,9,,
1162,0 days 00:26:14.804000,3,10,,
1163,0 days 00:28:03.717000,3,11,,
1164,0 days 00:28:28.023000,3,12,,
1165,0 days 00:28:33.054000,3,13,,
1166,0 days 00:29:14.415000,3,14,,
1167,0 days 00:30:18.433000,3,15,,
1168,0 days 00:30:24.925000,3,16,,
1169,0 days 00:38:23.793000,3,9,,
1170,0 days 00:38:33.009000,3,10,,
1171,0 days 00:38:36.379000,3,11,,
1172,0 days 00:45:30.941000,3,12,,
1173,0 days 00:45:47.716000,3,9,,
1174,0 days 00:46:09.532000,3,10,,
1175,0 days 00:47:09.744000,3,11,,
1176,0 days 00:47:28.845000,3,9,,
1177,0 days 00:47:34.225000,3,10,,
1178,0 days 00:48:34.738000,3,11,,
1179,0 days 00:48:43.403000,3,8,,
1180,0 days 00:48:46.304000,3,9,,
1181,0 days 00:49:47.593000,3,10,,
1182,0 days 00:50:05.545000,3,11,,
1183,0 days 00:50:11.954000,3,12,,
1184,0 days 00:50:32.317000,3,13,,
1185,0 days 00:50:58.965000,3,14,,
1186,0 days 00:57:03.792000,3,10,,
1187,0 days 00:57:27.323000,3,11,,
1188,0 days 00:59:06.746000,3,12,,
1189,0 days 00:59:50.493000,3,11,,
1190,0 days 00:59:54.904000,3,12,,
1191,0 days 01:00:17.841000,3,13,,
1192,0 days 01:00:32.822000,3,14,,
1193,0 days 00:00:04.779000,31,17,,
1194,0 days 00:15:23.380000,31,18,,
1195,0 days 00:15:35.630000,31,19,,
1196,0 days 00:16:36.368000,31,14,,
1197,0 days 00:16:52.922000,31,15,,
1198,0 days 00:17:03.117000,31,16,,
1199,0 days 00:17:14.404000,31,17,,
1200,0 days 00:17:21.837000,31,18,,
1201,0 days 00:17:30.308000,31,19,,
1202,0 days 00:18:17.806000,31,14,,
1203,0 days 00:18:20.808000,31,15,,
1204,0 days 00:18:29.422000,31,16,,
1205,0 days 00:18:31.556000,31,17,,
1206,0 days 00:19:23.441000,31,18,,
1207,0 days 00:19:26.858000,31,19,,
1208,0 days 00:19:40.031000,31,20,,
1209,0 days 00:19:49.768000,31,17,,
1210,0 days 00:20:01.109000,31,18,,
1211,0 days 00:20:38.318000,31,19,,
1212,0 days 00:20:53.040000,31,20,,
1213,0 days 00:21:04.476000,31,3,,
1214,0 days 00:21:15.289000,31,4,,
1215,0 days 00:21:19.451000,31,5,,
1216,0 days 00:21:47.805000,31,6,,
1217,0 days 00:21:50.623000,31,7,,
1218,0 days 00:21:58.623000,31,8,,
1219,0 days 00:22:06.326000,31,9,,
1220,0 days 00:23:27.398000,31,10,,
1221,0 days 00:23:36.969000,31,11,,
1222,0 days 00:23:53.133000,31,6,,
1223,0 days 00:24:06.234000,31,7,,
1224,0 days 00:24:11.266000,31,8,,
1225,0 days 00:24:35.541000,31,9,,
1226,0 days 00:24:45.114000,31,10,,
1227,0 days 00:26:14.804000,31,11,,
1228,0 days 00:28:03.717000,31,12,,
1229,0 days 00:28:28.023000,31,13,,
1230,0 days 00:28:33.054000,31,14,,
1231,0 days 00:29:14.415000,31,15,,
1232,0 days 00:30:18.433000,31,16,,
1233,0 days 00:30:24.925000,31,17,,
1234,0 days 00:38:33.009000,31,4,,
1235,0 days 00:45:02.691000,31,5,,
1236,0 days 00:45:10.334000,31,6,,
1237,0 days 00:45:16.051000,31,7,,
1238,0 days 00:45:20.505000,31,8,,
1239,0 days 00:45:30.941000,31,9,,
1240,0 days 00:45:43.043000,31,10,,
1241,0 days 00:45:47.716000,31,11,,
1242,0 days 00:46:00.221000,31,12,,
1243,0 days 00:46:09.532000,31,13,,
1244,0 days 00:46:12.626000,31,14,,
1245,0 days 00:47:49.489000,31,15,,
1246,0 days 00:48:13.726000,31,14,,
1247,0 days 00:49:19.616000,31,15,,
1248,0 days 00:49:45.913000,31,14,,
1249,0 days 00:50:32.317000,31,15,,
1250,0 days 00:50:58.965000,31,9,,
1251,0 days 00:57:27.323000,31,10,,
1252,0 days 00:59:06.746000,31,11,,
1253,0 days 00:59:50.493000,31,12,,
1254,0 days 00:59:54.904000,31,6,,
1255,0 days 01:08:09.758000,31,7,,
1256,0 days 01:08:11.950000,31,8,,
1257,0 days 01:08:54.308000,31,9,,
1258,0 days 01:10:42.982000,31,10,,
1259,0 days 01:10:45.295000,31,9,,
1260,0 days 01:12:09.428000,31,10,,
1261,0 days 01:12:13.376000,31,8,,
1262,0 days 01:12:30.238000,31,9,,
1263,0 days 01:13:21.653000,31,10,,
1264,0 days 00:00:04.779000,18,18,,
1265,0 days 00:15:23.380000,18,19,,
1266,0 days 00:15:35.630000,18,20,,
1267,0 days 00:16:39.072000,18,15,,
1268,0 days 00:16:52.922000,18,16,,
1269,0 days 00:17:03.117000,18,17,,
1270,0 days 00:17:14.404000,18,18,,
1271,0 days 00:17:21.837000,18,19,,
1272,0 days 00:17:30.308000,18,20,,
1273,0 days 00:18:23.987000,18,16,,
1274,0 days 00:18:29.422000,18,17,,
1275,0 days 00:18:31.556000,18,18,,
1276,0 days 00:19:23.441000,18,19,,
1277,0 days 00:19:26.858000,18,20,,
1278,0 days 00:19:40.031000,18,8,,
1279,0 days 00:20:33.716000,18,9,,
1280,0 days 00:20:38.318000,18,10,,
1281,0 days 00:20:44.308000,18,11,,
1282,0 days 00:20:53.852000,18,12,,
1283,0 days 00:21:04.476000,18,13,,
1284,0 days 00:21:15.289000,18,14,,
1285,0 days 00:21:24.003000,18,15,,
1286,0 days 00:21:29.082000,18,16,,
1287,0 days 00:21:47.805000,18,17,,
1288,0 days 00:22:06.326000,18,18,,
1289,0 days 00:22:27.499000,18,10,,
1290,0 days 00:23:27.398000,18,11,,
1291,0 days 00:23:36.969000,18,12,,
1292,0 days 00:26:14.804000,18,13,,
1293,0 days 00:28:03.717000,18,14,,
1294,0 days 00:28:28.023000,18,15,,
1295,0 days 00:28:33.054000,18,16,,
1296,0 days 00:29:14.415000,18,11,,
1297,0 days 00:30:24.925000,18,12,,
1298,0 days 00:30:31.772000,18,13,,
1299,0 days 00:38:04.810000,18,14,,
1300,0 days 00:38:18.706000,18,15,,
1301,0 days 00:38:23.793000,18,16,,
1302,0 days 00:38:33.009000,18,17,,
1303,0 days 00:38:36.379000,18,18,,
1304,0 days 00:00:04.779000,24,19,,
1305,0 days 00:15:23.380000,24,6,,
1306,0 days 00:15:28.175000,24,7,,
1307,0 days 00:15:48.236000,24,8,,
1308,0 days 00:15:51.978000,24,9,,
1309,0 days 00:15:56.697000,24,10,,
1310,0 days 00:16:02.989000,24,11,,
1311,0 days 00:16:07.325000,24,12,,
1312,0 days 00:16:13.244000,24,13,,
1313,0 days 00:16:15.627000,24,14,,
1314,0 days 00:16:36.368000,24,15,,
1315,0 days 00:16:39.072000,24,16,,
1316,0 days 00:16:52.922000,24,17,,
1317,0 days 00:17:03.117000,24,6,,
1318,0 days 00:17:09.141000,24,7,,
1319,0 days 00:17:24.427000,24,8,,
1320,0 days 00:17:29.827000,24,9,,
1321,0 days 00:17:33.904000,24,10,,
1322,0 days 00:17:37.670000,24,11,,
1323,0 days 00:17:42.712000,24,12,,
1324,0 days 00:17:50.595000,24,13,,
1325,0 days 00:17:57.722000,24,14,,
1326,0 days 00:18:17.806000,24,15,,
1327,0 days 00:18:20.808000,24,6,,
1328,0 days 00:18:26.100000,24,7,,
1329,0 days 00:18:31.556000,24,8,,
1330,0 days 00:18:39.890000,24,9,,
1331,0 days 00:18:46.444000,24,10,,
1332,0 days 00:18:49.389000,24,11,,
1333,0 days 00:18:52.051000,24,12,,
1334,0 days 00:18:58.491000,24,13,,
1335,0 days 00:19:12.044000,24,14,,
1336,0 days 00:19:40.031000,24,15,,
1337,0 days 00:20:33.716000,24,16,,
1338,0 days 00:20:38.318000,24,17,,
1339,0 days 00:21:04.476000,24,18,,
1340,0 days 00:21:15.289000,24,19,,
1341,0 days 00:21:24.003000,24,12,,
1342,0 days 00:21:29.082000,24,13,,
1343,0 days 00:21:47.805000,24,14,,
1344,0 days 00:21:58.623000,24,15,,
1345,0 days 00:22:06.326000,24,16,,
1346,0 days 00:22:27.499000,24,17,,
1347,0 days 00:28:03.717000,24,18,,
1348,0 days 00:29:46.443000,24,19,,
1349,0 days 00:30:24.925000,24,20,,
1350,0 days 00:00:04.779000,6,20,,
1351,0 days 00:15:35.630000,6,8,,
1352,0 days 00:15:48.236000,6,9,,
1353,0 days 00:15:51.978000,6,10,,
1354,0 days 00:15:56.697000,6,11,,
1355,0 days 00:16:02.989000,6,12,,
1356,0 days 00:16:07.325000,6,13,,
1357,0 days 00:16:13.244000,6,14,,
1358,0 days 00:16:15.627000,6,15,,
1359,0 days 00:16:36.368000,6,16,,
1360,0 days 00:16:39.072000,6,17,,
1361,0 days 00:16:52.922000,6,18,,
1362,0 days 00:17:14.404000,6,8,,
1363,0 days 00:17:24.427000,6,9,,
1364,0 days 00:17:29.827000,6,10,,
1365,0 days 00:17:33.904000,6,11,,
1366,0 days 00:17:37.670000,6,12,,
1367,0 days 00:17:42.712000,6,13,,
1368,0 days 00:17:50.595000,6,14,,
1369,0 days 00:17:57.722000,6,15,,
1370,0 days 00:18:17.806000,6,16,,
1371,0 days 00:18:23.987000,6,17,,
1372,0 days 00:18:29.422000,6,18,,
1373,0 days 00:18:31.556000,6,6,,
1374,0 days 00:18:39.890000,6,7,,
1375,0 days 00:18:46.444000,6,8,,
1376,0 days 00:18:49.389000,6,9,,
1377,0 days 00:18:52.051000,6,10,,
1378,0 days 00:18:58.491000,6,11,,
1379,0 days 00:19:12.044000,6,12,,
1380,0 days 00:19:40.031000,6,13,,
1381,0 days 00:20:33.716000,6,14,,
1382,0 days 00:20:38.318000,6,15,,
1383,0 days 00:20:53.852000,6,16,,
1384,0 days 00:21:04.476000,6,17,,
1385,0 days 00:21:15.289000,6,18,,
1386,0 days 00:21:24.003000,6,19,,
1387,0 days 00:21:38.754000,6,17,,
1388,0 days 00:21:47.805000,6,18,,
1389,0 days 00:22:06.326000,6,19,,
1390,0 days 00:24:32.212000,6,18,,
1391,0 days 00:28:03.717000,6,19,,
1392,0 days 00:29:46.443000,6,16,,
1393,0 days 00:30:18.433000,6,17,,
1394,0 days 00:30:24.925000,6,18,,
1395,0 days 00:38:36.379000,6,19,,
