Time,Distance_LEC,Distance_SAI,DistanceGap_SAI
0.0,0.0,0.0,0.0
0.25040650406504067,0.0,0.0,0.0
0.5008130081300813,0.0,0.0,0.0
0.751219512195122,0.0,0.0,0.0
1.0016260162601627,0.0,0.0,0.0
1.2520325203252034,0.0,0.0,0.0
1.502439024390244,0.0015540061782092609,0.0,0.0015540061782092609
1.7528455284552846,0.2591766236199652,0.0,0.2591766236199652
2.0032520325203254,0.2591766236199652,0.0,0.2591766236199652
2.253658536585366,0.2591766236199652,0.0,0.2591766236199652
2.504065040650407,0.2591766236199652,0.0,0.2591766236199652
2.7544715447154475,0.2591766236199652,0.0,0.2591766236199652
3.004878048780488,0.2927589605219424,0.0,0.2927589605219424
3.2552845528455285,0.6307772535222356,0.0,0.6307772535222356
3.5056910569105693,1.192458300137658,0.0,1.192458300137658
3.75609756097561,1.9597598252483235,0.008924869271496036,1.9508349559768274
4.006504065040651,4.055473241850141,0.14775616905032318,3.9077170727998176
4.256910569105691,6.151186658451954,0.2865874688291501,5.864599189622805
4.507317073170732,8.246900075053777,0.4254187686079775,7.821481306445799
4.757723577235772,10.34261349165559,0.5642500683868044,9.778363423268784
5.008130081300814,12.518309938107608,0.7852081955023277,11.73310174260528
5.258536585365854,14.74923067190954,1.1729441827417662,13.576286489167774
5.508943089430895,16.980151405711478,1.8211240823584993,15.159027323352978
5.759349593495935,19.211072139513412,2.7585058064495667,16.452566333063846
6.009756097560976,21.401832349243744,4.0189835744528555,17.382848774790887
6.260162601626017,23.565149424445625,5.586436277808014,17.97871314663761
6.510569105691057,25.7526479771409,7.490561644391422,18.262086332749476
6.760975609756098,27.98356871094284,9.76703210623068,18.21653660471216
7.0113821138211385,30.21448944474477,12.393943419777871,17.8205460249669
7.26178861788618,32.44541017854671,15.170569415354418,17.27484076319229
7.51219512195122,34.67633091234864,17.852280778481514,16.824050133867125
7.762601626016261,36.92388258515099,20.455922073031694,16.467960512119298
8.013008130081301,39.222406977552986,22.95488546905058,16.267521508502405
8.263414634146342,41.52093136995498,25.408825604100606,16.112105765854373
8.513821138211382,43.81945576235697,27.838373350230075,15.981082412126892
8.764227642276424,46.178246182492146,30.26792109635956,15.910325086132584
9.014634146341464,48.54437423349419,32.69746884248903,15.846905391005158
9.265040650406505,50.91050228449624,35.1270165886185,15.783485695877737
9.515447154471545,53.27663033549829,37.51901677867143,15.757613556826861
9.765853658536587,55.69293434869507,39.8791488749115,15.813785473783568
10.016260162601627,58.126666058297175,42.23928097115156,15.887385087145617
10.266666666666667,60.56039776789928,44.59941306739162,15.960984700507659
10.517073170731708,62.99412947750138,46.92154685658183,16.072582620919555
10.767479674796748,65.47847613409431,49.21226330293247,16.266212831161837
11.01788617886179,67.94798510457893,51.502979749283135,16.445005355295798
11.26829268292683,70.38171681418105,53.79369619563377,16.588020618547276
11.51869918699187,72.85262395124124,56.04624079580984,16.806383155431405
11.769105691056911,75.33557244125858,58.26754159227107,17.068030848987505
12.019512195121951,77.76930415086069,60.4888423887323,17.28046176212839
12.269918699186993,80.2489097716557,62.710143185193544,17.53876658646216
12.520325203252034,82.76626150014374,64.91499833239364,17.851263167750105
12.770731707317074,85.33520052694597,67.06688347896545,18.268317047980517
13.021138211382114,87.96897102336085,69.21876862553728,18.75020239782357
13.271544715447156,90.71919760141027,71.37065377210911,19.348543829301164
13.521951219512196,93.49094760401266,73.52253891868092,19.968408685331738
13.772357723577237,96.30356050636043,75.63246591090237,20.671094595458058
14.022764227642277,99.18658657000331,77.71493540758478,21.47165116241854
14.273170731707317,102.1649096481085,79.79740490426718,22.367504743841323
14.52357723577236,105.24556666695756,81.87987440094959,23.36569226600797
14.7739837398374,108.90628063598695,83.962343897632,24.94393673835495
15.02439024390244,113.43547115100912,86.04481339431439,27.390657756694736
15.27479674796748,118.52436947598824,88.1272828909968,30.397086584991442
15.525203252032522,123.93266216399297,90.20975238767922,33.722909776313756
15.775609756097563,129.81624369073975,92.34644722645056,37.46979646428919
16.026016260162603,136.17318252312577,94.53326557345375,41.63991694967203
16.276422764227643,142.83547917968193,96.84841272255768,45.98706645712424
16.526829268292683,149.5083992683038,99.6046647741407,49.9037344941631
16.777235772357724,156.8882165740924,102.65088492685268,54.23733164723973
17.027642276422764,165.01999727621578,105.98606124475853,59.033936031457245
17.278048780487808,171.56293396671123,109.55627940394098,62.00665456277025
17.528455284552848,177.91767787511677,113.51297144763754,64.40470642747923
17.77886178861789,184.20793491697452,117.73452476324982,66.4734101537247
18.02926829268293,190.55157251003857,122.49098425888657,68.060588251152
18.27967479674797,196.69319807963137,127.51420268803665,69.17899539159473
18.53008130081301,202.5071127192364,132.78979207963206,69.71732063960434
18.78048780487805,207.9980245407919,138.57388942050017,69.42413512029174
19.03089430894309,213.19844036844938,144.64905920238184,68.54938116606755
19.28130081300813,218.1874784320107,151.00787755674668,67.17960087526401
19.531707317073174,222.959495581922,157.87840193853992,65.08109364338208
19.782113821138214,227.48894070812594,165.09762952703892,62.39131118108702
20.032520325203254,231.8331605894616,171.93647738418287,59.89668320527875
20.282926829268295,236.0371555573777,178.54386912404294,57.49328643333476
20.533333333333335,240.16097873198126,185.06894021364778,55.09203851833348
20.783739837398375,244.08672099196266,191.12297878990077,52.963742202061894
21.034146341463416,247.87252587356596,197.16214033027973,50.710385543286236
21.284552845528456,251.58081920972108,202.98015217437953,48.60066703534156
21.534959349593496,255.14828622328596,208.28812126214254,46.860164961143425
21.78536585365854,258.62774337000394,213.28167126222954,45.346072107774404
22.03577235772358,261.9403226414068,217.93251980482026,44.007802836586535
22.28617886178862,265.2529019128097,222.3266994744351,42.92620243837462
22.53658536585366,268.56548118421256,226.46698238955994,42.09849879465261
22.7869918699187,271.9447422461437,230.28862944165346,41.65611280449022
23.03739837398374,275.3512203654333,234.02549023566777,41.3257301297655
23.28780487804878,278.8539239520289,237.6351040299173,41.21881992211158
23.538211382113822,282.5045215164321,241.2447178241668,41.25980369226528
23.788617886178862,286.2916872509033,244.9010744943483,41.39061275655499
24.039024390243902,290.1759125237931,248.5801039384872,41.59580858530589
24.289430894308946,294.43494301559684,252.25913338262617,42.17580963297067
24.539837398373987,299.2085602650899,255.8941312179375,43.31442904715237
24.790243902439027,304.2788346600943,259.50374501218704,44.77508964790724
25.040650406504067,309.6041153231556,263.057555835941,46.54655948721461
25.291056910569107,315.1476153283604,266.52833833041166,48.61927699794876
25.541463414634148,321.2104694661403,269.9991208248823,51.211348641257985
25.791869918699188,328.2056746326701,273.469903319353,54.73577131331706
26.04227642276423,335.81212442421946,276.99093778608295,58.82118663813651
26.29268292682927,344.3646084006133,280.61523253953305,63.74937586108024
26.543089430894312,353.64229965001954,284.3841282052204,69.25817144479913
26.793495934959353,363.18229089986994,288.3856361644381,74.79665473543184
27.043902439024393,372.8496140796783,292.5505751578029,80.29903892187542
27.294308943089433,382.2685991704825,296.80051226220434,85.46808690827817
27.544715447154474,391.6433060598277,301.3090249161988,90.33428114362891
27.795121951219514,401.134396598316,306.145774428956,94.98862216936004
28.045528455284554,409.5614296946032,311.51715290988903,98.04427678471416
28.295934959349594,417.5353536589715,317.0908802640047,100.44447339496679
28.546341463414635,425.04575796698117,322.8900867774981,102.15567118948309
28.79674796747968,432.33104867662473,328.91291761011416,103.41813106651057
29.04715447154472,439.80090176409425,335.12525767443805,104.6756440896562
29.29756097560976,447.88212897709826,342.16292277088866,105.7192062062096
29.5479674796748,456.90151059785677,349.61581966395045,107.28569093390632
29.79837398373984,466.4722571225222,357.41516375509667,109.05709336742552
30.04878048780488,476.0207032195455,365.56311864899925,110.45758457054626
30.29918699186992,484.13314225155256,374.44832183484414,109.68482041670842
30.54959349593496,491.93069748931396,383.51314928355225,108.4175482057617
30.8,499.16742770081237,393.0473144219526,106.12011327885978
31.050406504065045,505.9953972194184,403.0431680060283,102.95222921339013
31.300813008130085,512.8775813603432,413.5956990421391,99.28188231820417
31.551219512195125,519.7792125277355,424.31059057883533,95.46862194890014
31.801626016260165,526.837429571898,435.5840977967521,91.25333177514597
32.052032520325206,533.9358137249042,446.94071673288215,86.99509699202201
32.302439024390246,541.1213670888727,458.2128018314781,82.90856525739463
32.552845528455286,548.3829526195266,469.3456048793219,79.03734774020467
32.80325203252033,556.0002014370601,480.2282411369798,75.77196030008031
33.05365853658537,564.1343614367785,490.9272414481121,73.20711998866636
33.30406504065041,572.6524224203858,501.47842023130295,71.1740021890829
33.55447154471545,581.5919812407448,511.8853339117318,69.70664732901298
33.80487804878049,591.448621003721,522.0909038936485,69.35771711007249
34.05528455284553,600.3047002803287,532.1561731276136,68.14852715271513
34.30569105691057,608.6462937657501,542.2214423615784,66.4248514041717
34.556097560975616,616.5233140313026,552.2908968183308,64.23241721297177
34.806504065040656,623.8744283161979,562.4437402051449,61.43068811105297
35.056910569105696,631.1756234450042,572.6478407388887,58.527782706115545
35.307317073170736,638.663812927407,582.9628260120662,55.70098691534076
35.55772357723578,646.1002153734136,593.16692654581,52.93328882760352
35.80813008130082,653.4566347895698,603.2889002522171,50.16773453735266
36.05853658536586,660.6938259351041,613.3213097402279,47.3725161948762
36.3089430894309,667.8466003043476,623.140784468448,44.70581583589956
36.55934959349594,674.9449844573537,632.2342346039611,42.7107498533926
36.80975609756098,681.9492063715954,641.0956381384154,40.85356823318
37.06016260162602,688.7095722316013,649.3561004752556,39.3534717563457
37.31056910569106,695.0719983739386,657.3830738079224,37.688924566016226
37.5609756097561,700.8222163196289,664.9983312015697,35.82388511805914
37.81138211382114,706.327480749093,672.6042129749723,33.7232677741207
38.06178861788618,711.3977551440973,680.3093501126971,31.08840503140027
38.31219512195122,716.4680295391017,688.014487250422,28.453542288679728
38.56260162601626,721.5383039341061,695.4033775052741,26.134926428832046
38.8130081300813,726.6604158487585,702.1806009431023,24.479814905656212
39.06341463414635,731.7982939023632,708.8411565065094,22.957137395853806
39.31382113821139,736.9361719559676,715.1579806464459,21.778191309521617
39.56422764227643,742.1127179853369,721.4351003868987,20.677617598438133
39.81463414634147,747.3596771760012,727.4695628483809,19.89011432762038
40.06504065040651,752.6327625468059,733.3355075509821,19.297254995823778
40.31544715447155,758.0000408853106,739.2631397780356,18.736901107275003
40.56585365853659,763.3908246647226,745.2328856685252,18.157938996197345
40.81626016260163,768.762631131399,751.1706800762718,17.591951055127197
41.06666666666667,774.2603757513059,756.979160791041,17.281214960264947
41.31707317073171,779.8989466938029,762.6918501627176,17.207096531085313
41.56747967479675,785.6567459069219,768.3839334536495,17.27281245327231
41.81788617886179,791.5130159945791,774.2064888675603,17.30652712701874
42.06829268292683,797.4073021655788,780.1199292002192,17.287372965359623
42.31869918699187,803.3564241223839,786.0896750907087,17.266749031675204
42.56910569105691,809.2760901993704,792.0291755908893,17.24691460848112
42.81951219512195,815.1576084975757,797.8741986870647,17.28340981051099
43.06991869918699,821.0391267957807,803.7051132777754,17.33401351800535
43.32032520325203,826.9206450939857,809.586016151426,17.33462894255979
43.57073170731708,832.8428572827897,815.4863463920262,17.356510890763502
43.82113821138212,838.6824525329669,821.3641841590583,17.31826837390861
44.07154471544716,844.2657245606988,827.1950987497689,17.07062581092987
44.3219512195122,849.6315235204405,833.0260133404797,16.60551017996079
44.57235772357724,854.7406809937598,838.8371467247268,15.903534269033003
44.82276422764228,859.5855937639882,844.5754905880493,15.010103175938866
45.07317073170732,864.2675422083588,850.1723301983212,14.095212010037585
45.32357723577236,868.8308023334066,855.673540735851,13.157261597555589
45.5739837398374,873.3320514661567,860.8971540327143,12.434897433442416
45.82439024390244,878.1985293644937,865.7534954365264,12.445033927967302
46.07479674796748,884.350462297099,870.2655126793383,14.084949617760799
46.32520325203252,890.5197285443786,874.7063383134259,15.813390230952677
46.57560975609756,896.4053381808833,878.6835350188983,17.721803161985008
46.8260162601626,902.0111257388073,882.501395762816,19.509729975991377
47.076422764227644,907.2326874640933,886.3721611484708,20.86052631562245
47.326829268292684,912.0695492531609,890.4833954171208,21.586153836040012
47.577235772357724,916.674249542961,895.0412585414279,21.632991001533128
47.827642276422765,921.2766780864413,899.8573501370784,21.419327949362923
48.078048780487805,926.0765378470453,904.9246925790055,21.15184526803978
48.32845528455285,930.9378049958527,909.8028751212294,21.134929874623367
48.57886178861789,935.7512732851361,914.5195986648142,21.231674620321883
48.82926829268293,940.6317679680127,919.1838277500475,21.447940217965197
49.07967479674797,945.582945787834,923.9040919425277,21.67885384530632
49.33008130081301,950.5856165242384,928.6243561350078,21.961260389230574
49.580487804878054,955.847990666018,933.3446203274879,22.50337033853009
49.830894308943094,961.1614867822279,938.0648845199679,23.096602262260035
50.081300813008134,966.9108706568057,942.7851487124481,24.12572194435768
50.331707317073175,973.062803589411,947.5054129049282,25.55739068448281
50.582113821138215,980.0025386371051,952.1807372253695,27.821801411735578
50.832520325203255,987.4389410831117,956.8177026379824,30.62123844512928
51.082926829268295,996.2031408418948,961.1718218148445,35.031319027050245
51.333333333333336,1004.3875294819832,965.2739261225303,39.113603359452895
51.583739837398376,1011.2390176110404,969.3000338161162,41.938983794924184
51.834146341463416,1017.8357826172341,973.3188528664639,44.51692975077026
52.08455284552846,1023.9201118912395,977.1487171088007,46.77139478243873
52.3349593495935,1029.4807981512117,980.682090883425,48.79870726778677
52.58536585365854,1034.77874323102,984.2661786500561,50.51256458096384
52.835772357723584,1040.5156950561718,988.3520919827806,52.16360307339119
53.086178861788625,1046.358005427313,992.4878741494371,53.870131277875885
53.336585365853665,1052.9787697323097,996.529178912088,56.449590820221715
53.586991869918705,1059.8067392509158,1000.5635916923572,59.243147558558576
53.837398373983746,1066.6347087695215,1004.9367776353903,61.69793113413118
54.087804878048786,1073.5239100824122,1010.0015665730537,63.52234350935851
54.338211382113826,1080.3561948215638,1015.4307561200684,64.92543870149541
54.58861788617887,1087.1165606815696,1021.1922550608896,65.92430562068
54.83902439024391,1093.6965432990082,1027.4250817569505,66.27146154205775
55.08943089430895,1099.9745307158148,1033.935906862044,66.03862385377079
55.33983739837399,1105.6532380382198,1040.8774718509853,64.77576618723447
55.59024390243903,1110.948125588923,1048.2131441921738,62.73498139674916
55.84065040650407,1115.8831926667272,1055.9182813298987,59.964911336828436
56.09105691056911,1120.302452609109,1063.9941611431693,56.30829146593965
56.34146341463415,1124.343527149647,1072.2299674017695,52.11355974787739
56.59186991869919,1128.357340734347,1080.2998522270952,48.05748850725172
56.84227642276423,1132.5611908372803,1088.0805352279465,44.48065560933378
57.09268292682927,1136.945858777729,1095.0116427943071,41.934215983421836
57.34308943089432,1141.317664463652,1101.7455918849432,39.572072578708685
57.59349593495936,1145.550619258567,1108.0088668092508,37.541752449316164
57.8439024390244,1149.6648857341593,1113.9491741536735,35.71571158048573
58.09430894308944,1153.721105250163,1119.710673094495,34.01043215566801
58.34471544715448,1157.579933057674,1125.3370504160478,32.24288264162624
58.59512195121952,1161.4333415978774,1130.8031677365507,30.63017386132674
58.84552845528456,1165.247730974479,1135.6888214761568,29.558909498322237
59.0959349593496,1169.0335358560824,1140.3396700187475,28.693865837334897
59.34634146341464,1172.7747025686938,1144.807180110455,27.967522458238818
59.59674796747968,1176.4196065002916,1149.0674732184682,27.3521332818234
59.84715447154472,1179.9668802132358,1153.177395801786,26.78948441144985
60.09756097560976,1183.4442785212598,1157.1239527098476,26.320325811412204
60.3479674796748,1187.1024002850684,1161.0112291036546,26.091171181413756
60.59837398373984,1191.0234124838719,1164.8985054974619,26.124906986409997
60.84878048780488,1195.3133957936489,1168.848925341365,26.464470452283877
61.09918699186992,1200.8171545052621,1172.8605571674432,27.95659733781895
61.34959349593496,1206.696664448025,1176.927076939541,29.769587508484165
61.6,1212.8485973806303,1181.1614315827953,31.68716579783495
61.85040650406505,1219.3232192571563,1185.437203479232,33.886015777924285
62.10081300813009,1225.4332884046812,1189.8739317869722,35.559356617709
62.35121951219513,1231.2418869384053,1194.4109071111761,36.83097982722916
62.60162601626017,1236.6736653130015,1199.1895435546996,37.48412175830185
62.85203252032521,1241.7439397080059,1204.2568859966268,37.487053711379076
63.10243902439025,1246.290593038217,1209.996298139756,36.294294898460976
63.35284552845529,1250.4467254938138,1216.1411157082784,34.30560978553535
63.60325203252033,1254.3517147475595,1222.4579398482151,31.893774899344407
63.85365853658537,1258.106834591915,1228.6802415090488,29.426593082866248
64.10406504065041,1261.5149808534297,1234.3340109672495,27.180969886180264
64.35447154471545,1264.6570145315459,1239.6276303977772,25.029384133768644
64.60487804878049,1267.4287645341483,1244.4867258900363,22.942038644112017
64.85528455284553,1270.200514536751,1249.129280614718,21.07123392203289
65.10569105691057,1272.8795399757962,1253.5228945918614,19.356645383934847
65.35609756097561,1275.3091957115664,1257.51552050315,17.793675208416516
65.60650406504065,1277.6753237625683,1260.9863029976207,16.6890207649476
65.8569105691057,1280.1051419227133,1264.066969539713,16.0381723830003
66.10731707317073,1282.5263691503983,1266.9695871935937,15.55678195680457
66.35772357723577,1284.8924972014004,1269.8470777344673,15.045419466933026
66.60813008130081,1287.2405017650951,1272.7947321718461,14.445769593248997
66.85853658536585,1289.5390261574971,1275.640773817312,13.898252340185081
67.1089430894309,1291.7922100052335,1278.3471480199437,13.44506198528984
67.35934959349593,1294.0231307390354,1280.9687675170642,13.054363221971244
67.60975609756098,1296.2540514728373,1283.5180865580662,12.735964914771102
67.86016260162602,1298.4849722066394,1285.9729281950629,12.512044011576563
68.11056910569106,1300.7158929404413,1288.4024759411923,12.313416999249057
68.3609756097561,1302.9468136742432,1290.8043092637276,12.142504410515585
68.61138211382114,1305.1777344080454,1293.1560190780317,12.021715330013649
68.86178861788619,1307.4086551418472,1295.4465169101604,11.962138231686822
69.11219512195123,1309.7916116750077,1297.653625812227,12.137985862780852
69.36260162601627,1312.7661726534104,1299.8055109587988,12.960661694611645
69.61300813008131,1316.495611887194,1301.957396105371,14.538215781823055
69.86341463414635,1320.492392861805,1304.1092812519425,16.383111609862453
70.11382113821139,1325.4950635982095,1306.2611663985147,19.233897199694866
70.36422764227643,1330.463361825079,1308.4886424833098,21.97471934176906
70.61463414634147,1335.6688435372832,1310.8487745795499,24.820068957733383
70.86504065040651,1341.322440929351,1313.2880134716056,28.034427457745323
71.11544715447155,1346.2575080071554,1316.2728864168503,29.984621590305096
71.3658536585366,1350.6935152195085,1319.4114902352965,31.282024984212057
71.61626016260163,1354.7406038517531,1322.8222327001226,31.91837115163048
71.86666666666667,1358.5055898794012,1326.6144885350016,31.891101344399658
72.11707317073171,1362.1561874438044,1330.722064959503,31.43412248430127
72.36747967479675,1365.6054051228425,1335.0081139781312,30.597291144711335
72.6178861788618,1368.9224752087096,1339.1174708689773,29.80500433973225
72.86829268292684,1372.1674508215124,1342.9966607903232,29.1707900311892
73.11869918699188,1375.386050032841,1346.4437743511858,28.942275681655246
73.36910569105692,1378.5634219870437,1349.6180145415817,28.945407445462024
73.61951219512196,1381.7407939412465,1352.6098944107066,29.130899530539864
73.869918699187,1384.9637698309923,1355.5253517060619,29.438418124930422
74.12032520325204,1388.2891916026051,1358.4683431246217,29.820848477983418
74.37073170731708,1391.8554777470686,1361.5748917876012,30.280585959467317
74.62113821138212,1395.8116679925079,1364.8818578558426,30.92981013666531
74.87154471544716,1400.5554606149535,1368.2470361585317,32.30842445642179
75.1219512195122,1406.0214556594822,1371.5510024790458,34.47045318043638
75.37235772357724,1411.6923666119083,1374.7517986630342,36.940567948874104
75.62276422764228,1416.7626410069126,1377.8755029080576,38.887138098855075
75.87317073170732,1421.7038604566344,1380.7932793171706,40.91058113946383
76.12357723577236,1426.349417061408,1383.582977090973,42.76643997043516
76.3739837398374,1430.7189400263912,1386.7196178889308,43.99932213746047
76.62439024390244,1434.9108058443908,1390.2589145313443,44.65189131304646
76.87479674796748,1438.9982371793974,1394.2742492766681,44.72398790272928
77.12520325203252,1443.0544566954009,1398.5780195698117,44.4764371255892
77.37560975609756,1446.9006219864686,1403.2281018357476,43.672520150721084
77.6260162601626,1450.6188232094719,1408.0177816781172,42.60104153135467
77.87642276422766,1454.3370244324753,1412.8074615204869,41.52956291198848
78.1268292682927,1457.9543469493337,1417.2346023550247,40.71974459430908
78.37723577235774,1461.3784042147834,1421.2119793608863,40.16642485389707
78.62764227642278,1464.6686084311289,1424.8220844736968,39.846523957432055
78.87804878048782,1467.7963882729157,1428.2928669681676,39.50352130474812
79.12845528455286,1470.837336922033,1431.9125888529934,38.92474806903965
79.3788617886179,1473.8221196614127,1435.6989623876707,38.12315727374198
79.62926829268294,1476.8773155620875,1439.3353372672052,37.541978294882256
79.87967479674798,1479.9870838576903,1443.0837823612337,36.903301496456606
80.13008130081302,1483.4679303912878,1446.832227455262,36.63570293602584
80.38048780487806,1487.737731375064,1450.53660262663,37.20112874843403
80.6308943089431,1492.037172612273,1454.1323851272637,37.904787485009365
80.88130081300814,1496.423258473613,1457.6336902238918,38.78956824972124
81.13170731707318,1501.6251602648056,1460.9987400625537,40.62642020225189
81.38211382113822,1507.0683588288723,1464.4314138159862,42.636945012886144
81.63252032520326,1512.6496093316182,1468.0730940344768,44.57651529714144
81.8829268292683,1518.5311276298232,1471.8909547783944,46.640172851428815
82.13333333333334,1526.1062031779952,1475.7088155223123,50.397387655682905
82.38373983739838,1533.4153790503947,1479.3905765173492,54.02480253304543
82.63414634146342,1540.285535007906,1482.9568731430638,57.32866186484216
82.88455284552846,1547.6598650037433,1486.8870610295298,60.7728039742135
83.1349593495935,1555.4342857427503,1491.0520000228948,64.38228571985542
83.38536585365854,1563.5397493063472,1495.4435495605805,68.09619974576663
83.63577235772358,1572.8266043633719,1500.065595115977,72.7610092473949
83.88617886178862,1582.3305813005497,1505.2027138085723,77.12786749197744
84.13658536585366,1591.8626971631581,1510.686550149836,81.17614701332218
84.3869918699187,1601.6790798254076,1516.4606115202832,85.21846830512436
84.63739837398374,1611.9081762386386,1522.644139582393,89.26403665624548
84.88780487804878,1622.5129931540835,1529.3358826056433,93.17711054844017
85.13821138211382,1633.464785847293,1536.4856945442527,96.97909130304015
85.38861788617886,1644.653125497883,1543.8298162124358,100.82330928544707
85.6390243902439,1656.4672708991795,1551.6497393392685,104.817531559911
85.88943089430894,1668.1247645759863,1560.2596846819986,107.86507989398774
86.13983739837398,1679.5610362546443,1569.0459142228792,110.51512203176503
86.39024390243902,1689.987256595642,1578.57153988409,111.41571671155202
86.64065040650407,1699.8573907512507,1588.5673934681656,111.28999728308509
86.8910569105691,1709.97059517831,1599.0624176951019,110.90817748320819
87.14146341463416,1720.2466015068533,1609.8924152540974,110.35418625275588
87.3918699186992,1730.6575649312624,1621.3459974858506,109.31156744541181
87.64227642276424,1741.0685283556716,1633.3523514124554,107.71617694321617
87.89268292682928,1751.4794917800805,1646.0320371429875,105.44745463709296
88.14308943089432,1761.8466950050897,1659.282362336953,102.56433266813679
88.39349593495936,1772.329763877183,1672.9186723506266,99.41109152655645
88.6439024390244,1782.8419703651175,1686.645533727328,96.19643663778947
88.89430894308944,1793.3141151005593,1700.2575955923926,93.05651950816673
89.14471544715448,1803.8602858421684,1713.8844150443233,89.97587079784512
89.39512195121952,1814.5482925713989,1727.656389832188,86.89190273921076
89.64552845528456,1825.3935436545937,1741.595142480177,83.79840117441677
89.8959349593496,1836.5979281994817,1755.5909151262892,81.00701307319241
90.14634146341464,1847.7757102657258,1769.5667645793815,78.20894568634435
90.39674796747968,1858.013581985031,1783.5193102071537,74.4942717778772
90.64715447154472,1867.2420762083375,1797.4718558349257,69.7702203734118
90.89756097560976,1875.5133838380546,1811.4348138101814,64.07857002787318
91.1479674796748,1883.0765168048486,1825.391675378523,57.68484142632565
91.39837398373984,1890.2575310660254,1838.607673632116,51.64985743390935
91.64878048780488,1897.3559152190314,1851.1024906122104,46.253424606821
91.89918699186993,1904.454299372038,1862.6461802172828,41.808119154755104
92.14959349593497,1911.552683525044,1872.972064648995,38.5806188760489
92.4,1918.838700754525,1881.9504898973844,36.88821085714062
92.65040650406505,1926.3637144765491,1889.9467513124846,36.416963164064555
92.90081300813009,1934.2618016224662,1896.4498077245532,37.811993897913
93.15121951219513,1942.3608691775842,1902.322295077532,40.038574100052074
93.40162601626017,1950.7252218297594,1908.1342127684727,42.59100906128674
93.6520325203252,1959.3631871205748,1914.257856310024,45.10533081055087
93.90243902439025,1968.1516627385824,1920.9655694402582,47.186093298324295
94.15284552845529,1976.7685589541086,1928.1206596727652,48.64789928134337
94.40325203252033,1985.2774144265416,1935.6947928013628,49.58262162517872
94.65365853658537,1993.688639680321,1943.986160878688,49.702478801633106
94.90406504065041,2001.969010151154,1952.5623134209488,49.40669673020511
95.15447154471545,2010.0525771531213,1961.6409406107048,48.411636542416545
95.40487804878049,2018.0104693927358,1970.5325895354679,47.47787985726791
95.65528455284553,2025.7848901317425,1978.1683110233034,47.616579108439055
95.90569105691057,2033.390993125303,1985.492939965646,47.89805315965714
96.15609756097561,2040.6457875611613,1992.1842480142066,48.46153954695478
96.40650406504066,2047.3935106590395,1998.2331908507067,49.160319808332815
96.6569105691057,2053.545443591645,2003.9252741416387,49.62016945000619
96.90731707317074,2059.5087886558435,2009.8352053779704,49.67358327787315
97.15772357723579,2065.1198923196484,2016.1520295179068,48.9678628017416
97.40813008130083,2070.333780590698,2022.8438356462934,47.48994494440467
97.65853658536587,2075.2688476685025,2030.0630632347923,45.20578443371028
97.9089430894309,2079.810937751758,2037.6281565526203,42.18278119913771
98.15934959349595,2084.12832907728,2044.9672343174122,39.16109475986764
98.40975609756099,2088.195663688321,2051.648285527575,36.54737816074612
98.66016260162603,2091.913864911324,2057.2709531686173,34.642911742706474
98.91056910569107,2095.5271246238945,2062.7140303531196,32.813094270774855
99.16097560975611,2098.945336806784,2067.8399456302736,31.10539117651024
99.41138211382115,2102.274121201935,2072.7489595390716,29.52516166286341
99.66178861788619,2105.640695603259,2077.540212502338,28.100483100920883
99.91219512195123,2108.904033950083,2081.9828140952604,26.92121985482254
100.16260162601627,2112.031513087284,2086.4254156881825,25.6060973991016
100.41300813008131,2115.006074065687,2090.868017281105,24.13805678458175
100.66341463414635,2117.9583850996987,2095.264926247863,22.693458851835658
100.91382113821139,2120.7936254733618,2099.421418167988,21.37220730537365
101.16422764227643,2123.5465627825274,2103.4410868839204,20.105475898606983
101.41463414634147,2126.1155018093295,2107.3977789276173,18.717722881712234
101.66504065040651,2128.441407878389,2111.240225883374,17.20118199501485
101.91544715447155,2130.646830180309,2114.910125366549,15.736704813759843
102.16585365853659,2132.8101472555104,2118.370013209995,14.440134045515606
102.41626016260163,2134.9734643307124,2121.6044759841793,13.368988346533115
102.66666666666667,2137.1136534919315,2124.3792741845596,12.73437930737191
102.91707317073171,2139.2247752748767,2126.953783443705,12.270991831171614
103.16747967479675,2141.587171955112,2129.1912662001077,12.39590575500415
103.41788617886179,2144.088507323314,2131.3431513466794,12.745355976634528
103.66829268292683,2146.709027063659,2133.4262068196267,13.282820244032337
103.91869918699187,2149.548380724861,2135.508676316309,14.039704408552097
104.16910569105691,2152.446646145701,2137.560900422682,14.885745723018772
104.41951219512195,2155.5067959897997,2139.5739542694755,15.932841720324177
104.669918699187,2158.7954044964113,2141.5870081162684,17.208396380142858
104.92032520325203,2162.4264474830716,2143.6000619630613,18.826385520010263
105.17073170731707,2166.3011270315706,2145.6131158098547,20.688011221715897
105.42113821138213,2170.5167836305955,2147.7260808636365,22.79070276695893
105.67154471544717,2175.0764045716833,2150.022681863944,25.053722707739325
105.92195121951221,2180.190221868613,2152.536184232607,27.65403763600625
106.17235772357725,2185.868929191018,2155.1739789284047,30.694950262613474
106.42276422764229,2191.8970157329463,2158.0359884271,33.861027305846164
106.67317073170733,2198.3653908558235,2161.071963010189,37.2934278456346
106.92357723577237,2205.2609640330293,2164.195667255213,41.06529677781646
107.17398373983741,2213.6661356864706,2167.383957353447,46.282178333023694
107.42439024390245,2222.007751121132,2170.6223709599126,51.38538016121947
107.67479674796749,2230.2118260344014,2174.196539951376,56.01528608302533
107.92520325203253,2238.8017005408037,2178.2836905955223,60.51800994528139
108.17560975609757,2248.108226506542,2182.9496302806997,65.1585962258423
108.42601626016261,2257.573992012143,2187.9985527841027,69.57543922804052
108.67642276422765,2267.1737115333513,2193.5518047752557,73.62190675809552
108.92682926829269,2276.8236004319824,2199.774739741207,77.0488606907752
109.17723577235773,2286.490923611791,2206.2303951809226,80.26052843086836
109.42764227642277,2295.9675891098796,2213.4396656804215,82.52792342945804
109.67804878048781,2304.350442776287,2222.1166219165984,82.23382085968842
109.92845528455285,2312.7332964426937,2230.793578152775,81.9397182899188
110.1788617886179,2321.116150109101,2239.470534388952,81.64561572014918
110.42926829268293,2329.2098005918347,2248.2959679957357,80.91383259609893
110.67967479674797,2336.6847459029395,2257.5713862991734,79.11335960376618
110.93008130081301,2343.6494921093918,2267.717698304384,75.9317938050076
111.18048780487806,2350.262034229157,2278.447732820029,71.81430140912789
111.4308943089431,2356.536257351337,2289.160203823999,67.37605352733817
111.68130081300814,2362.7393517670043,2299.7939376479508,62.94541411905357
111.93170731707318,2368.75607738241,2309.7897912320263,58.96628615038344
112.18211382113822,2374.5124235558537,2319.3177675595634,55.194655996290294
112.43252032520326,2380.1198156032074,2328.25714199738,51.86267360582724
112.6829268292683,2385.663315608412,2336.9219414798067,48.74137412860546
112.93333333333334,2391.206815613617,2345.2796015027766,45.927214110840396
113.18373983739838,2396.7503156188222,2353.090910778509,43.65940484031307
113.43414634146342,2402.293815624027,2360.4269504817407,41.866865142286315
113.68455284552846,2407.837315629232,2367.323106817631,40.51420881160084
113.9349593495935,2413.3808156344367,2374.02483397494,39.35598165949659
114.18536585365854,2419.101814752098,2380.6431722021866,38.458642549911474
114.43577235772358,2425.10446651494,2387.1892099733145,37.915256541625695
114.68617886178863,2431.3887709229634,2393.7142810629202,37.674489860043195
114.93658536585367,2438.007531262366,2400.239352152525,37.76817910984073
115.18699186991871,2444.8239357265184,2406.720069346356,38.103866380162344
115.43739837398375,2451.74996127903,2413.245140435961,38.504820843068956
115.6878048780488,2458.780741773436,2419.7702115255656,39.01053024787052
115.93821138211383,2465.9180068098335,2426.6232986059563,39.294708203877235
116.18861788617887,2473.1745001168524,2433.6113292589807,39.56317085787168
116.43902439024392,2480.4756952456582,2440.8202797252884,39.65541552036984
116.68943089430896,2487.7609991248455,2448.2803886339234,39.48061049092212
116.939837398374,2494.926986936452,2455.9855257716476,38.94146116480442
117.19024390243904,2501.822735707576,2463.898774633749,37.923961073827286
117.44065040650408,2508.6914057015533,2471.8397829945416,36.85162270701176
117.69105691056912,2515.5193752201594,2479.8392469953073,35.68012822485207
117.94146341463416,2522.3473447387646,2487.9611349604234,34.386209778341254
118.1918699186992,2529.1753142573702,2496.221597297264,32.95371696010625
118.44227642276424,2536.0032837759763,2504.482059634104,31.521224141872153
118.69268292682928,2542.831253294582,2512.4213957087854,30.409857585796544
118.94308943089432,2549.659222813188,2520.2215781967416,29.437644616446505
119.19349593495936,2556.487192331794,2527.8572996845774,28.62989264721682
119.4439024390244,2563.3151618504003,2535.4930211724127,27.82214067798759
119.69430894308944,2570.2259107320074,2543.128742660248,27.09716807175937
119.94471544715448,2577.1556874096013,2550.7301687602794,26.42551864932193
120.19512195121952,2584.0512605868075,2558.2964745982254,25.75478598858217
120.44552845528456,2590.9468337640137,2565.965087384583,24.98174637943066
120.6959349593496,2597.926064273813,2573.7131743287996,24.212889945013558
120.94634146341464,2605.058362197242,2581.5224732551915,23.535888942050406
121.19674796747968,2612.813878056005,2589.4151611116454,23.39871694435942
121.44715447154472,2620.7911097708115,2597.3285451990387,23.462564571772873
121.69756097560976,2628.55607477731,2605.514374443473,23.04170033383707
121.9479674796748,2636.2121715543753,2613.735776954721,22.476394599654213
122.19837398373984,2643.30682214169,2621.5720465656004,21.73477557608976
122.44878048780488,2649.465405693957,2628.6183052293572,20.847100464599862
122.69918699186992,2655.2835982404,2635.1999027447696,20.08369549563031
122.94959349593496,2660.8897413760087,2641.3728020989292,19.516939277079473
123.2,2666.2522479497798,2647.45077329811,18.80147465166965
123.45040650406504,2671.4043249666147,2653.8078540074725,17.596470959142152
123.7008130081301,2676.344352572615,2660.5558214533785,15.788531119236723
123.95121951219514,2681.2118159918195,2667.1752820505494,14.036533941270136
124.20162601626018,2685.932985532798,2673.010733449806,12.92225208299169
124.45203252032522,2690.5376858225977,2678.4179443793623,12.119741443235398
124.70243902439026,2695.045144395289,2683.577278333677,11.467866061611858
124.9528455284553,2699.5069858628926,2688.783452075383,10.723533787509496
125.20325203252034,2703.9964328893993,2693.9045893922193,10.09184349717998
125.45365853658538,2708.525878015603,2698.902516184257,9.623361831346301
125.70406504065042,2713.01129955153,2703.8552394149365,9.156060136593624
125.95447154471546,2717.4479059781297,2708.757839137384,8.690066840745658
126.2048780487805,2721.8076527517037,2713.5992268776567,8.208425874046952
126.45528455284554,2726.0358291971133,2718.357225687867,7.678603509246386
126.70569105691058,2730.2272560303168,2723.0305351514576,7.196720878859196
126.95609756097562,2734.422758837353,2727.607782821372,6.814976015980847
127.20650406504066,2738.7171583341783,2732.0653245553044,6.651833778873879
127.4569105691057,2743.1113961431824,2736.369094848448,6.742301294734261
127.70731707317074,2747.6187405798264,2740.648937026174,6.969803553652582
127.95772357723578,2752.324756365643,2744.8925636169492,7.4321927486939785
128.20813008130082,2757.2891212887394,2749.273270339972,8.015850948767365
128.45853658536586,2762.535138857016,2753.7366831053323,8.798455751683832
128.7089430894309,2768.021757407266,2758.3225198350424,9.69923757222341
128.95934959349594,2773.845579933719,2763.05295747699,10.792622456729077
129.20975609756098,2779.8132643626273,2768.007352993781,11.80591136884641
129.46016260162602,2785.9589000583323,2773.610622566687,12.348277491645149
129.71056910569106,2792.1784366495376,2779.4494951658316,12.728941483705967
129.9609756097561,2798.452495152419,2785.6845981543074,12.76789699811161
130.21138211382114,2804.7879676282755,2792.4075489211946,12.380418707080935
130.46178861788619,2811.075107878081,2799.6267765096936,11.448331368387244
130.71219512195123,2817.3052305876445,2807.021641468697,10.283589118947475
130.96260162601627,2823.5247671788497,2813.9388185762273,9.585948602622466
131.2130081300813,2829.744303770055,2820.3396897426474,9.40461402740766
131.46341463414635,2836.070526836258,2826.1869530711597,9.88357376509839
131.7138211382114,2842.154856110263,2831.1848798631972,10.969976247065915
131.96422764227643,2847.9918503755234,2835.827256541245,12.164593834278548
132.21463414634147,2853.5540906416736,2840.150269393439,13.403821248234635
132.4650406504065,2858.89368879386,2844.2413122722396,14.652376521620226
132.71544715447155,2864.013783573374,2848.1377186270115,15.876064946362476
132.9658536585366,2868.8812469925783,2852.1638263205973,16.717420671981017
133.21626016260163,2873.5200893248953,2856.424682867327,17.09540645756806
133.46666666666667,2877.844943391951,2860.9841957401964,16.860747651754536
133.7170731707317,2881.984495391799,2865.8214726315923,16.163022760206786
133.96747967479675,2885.922077071731,2871.1206543291305,14.801422742600607
134.2178861788618,2889.6907747158307,2876.7960192664623,12.894755449368404
134.46829268292683,2893.2047492370657,2882.2619337490273,10.942815488038377
134.71869918699187,2896.5849321670685,2886.9821979415074,9.602734225561107
134.9691056910569,2899.7187831685856,2890.880425330211,8.838357838374577
135.21951219512195,2902.764962321549,2894.6765215633823,8.088440758166598
135.469918699187,2905.6719196413515,2898.4249666574106,7.246952983940901
135.72032520325203,2908.482050084677,2902.073989609257,6.4080604754203705
135.97073170731707,2911.2025771463464,2905.6310075261854,5.571569620160972
136.2211382113821,2913.842161996385,2908.8397459423236,5.002416054061541
136.47154471544715,2916.478704681788,2911.957565633391,4.52113904839689
136.7219512195122,2919.11524736719,2914.9424385786356,4.172808788554448
136.97235772357723,2921.760525850035,2917.871869154163,3.8886566958717594
137.22276422764227,2924.576393824646,2920.856742099408,3.7196517252377816
137.47317073170734,2927.628415865245,2923.844988915688,3.783426949556997
137.72357723577238,2930.873391478048,2926.8992775108227,3.974113967225094
137.97398373983742,2934.4309725540043,2929.90006872669,4.530903827314432
138.22439024390246,2938.743240926956,2932.8849416719345,5.858299255021393
138.4747967479675,2943.40789337036,2935.869814617179,7.538078753180798
138.72520325203254,2948.807428311682,2938.8724854646052,9.934942847076854
138.97560975609758,2954.1107421755464,2941.965150997607,12.145591177939423
139.22601626016262,2959.518530031036,2945.331758180882,14.186771850153946
139.47642276422766,2965.070324653963,2948.823570462012,16.246754191950913
139.7268292682927,2969.8959484322504,2952.454664793894,17.441283638356254
139.97723577235774,2974.2342990868624,2956.3359259159624,17.89837317089996
140.22764227642278,2978.2203446882845,2960.4581066719993,17.76223801628521
140.47804878048782,2981.8825577903926,2964.9581970440577,16.92436074633497
140.72845528455287,2985.3785207654437,2969.6587814490435,15.719739316400137
140.9788617886179,2988.673466017587,2974.6929215742766,13.980544443310464
141.22926829268295,2991.9184416303897,2979.623210929015,12.295230701374749
141.479674796748,2995.0453435025847,2983.884910380065,11.160433122519862
141.73008130081303,2998.0991609909997,2987.8774979775208,10.221663013478974
141.98048780487807,3001.0061183108023,2991.4176961218805,9.588422188921868
142.2308943089431,3003.9130756306045,2994.9939025077433,8.919173122861139
142.48130081300815,3006.830994400766,2998.5922610501893,8.238733350576695
142.7317073170732,3010.0226004369824,3002.001664784625,8.020935652357366
142.98211382113823,3013.40563676816,3005.332444026786,8.073192741373987
143.23252032520327,3017.1238379911633,3008.5255639216994,8.598274069463969
143.4829268292683,3021.022593660804,3011.7804817750525,9.242111885751456
143.73333333333335,3026.5616599195682,3015.203800192034,11.357859727534105
143.9837398373984,3032.5783855349737,3018.674582686505,13.903802848468786
144.23414634146343,3038.091409020709,3022.204296363226,15.887112657482703
144.48455284552847,3043.8730626676484,3026.0408294662134,17.832233201434974
144.7349593495935,3050.265054436003,3030.2943072195103,19.970747216492782
144.98536585365855,3057.9082011615833,3035.020171992834,22.8880291687492
145.2357723577236,3066.1748840864734,3040.0520966770337,26.122787409439752
145.48617886178863,3074.686134220969,3045.2512770173885,29.434857203580577
145.73658536585367,3083.928994221728,3050.303361538869,33.62563268285885
145.9869918699187,3092.987884474136,3054.8153787816814,38.172505692454706
146.23739837398375,3102.18964452336,3059.278496305154,42.91114821820611
146.4878048780488,3112.510433885878,3063.9282360003504,48.58219788552742
146.73821138211383,3123.701130884823,3068.9099853399557,54.791145544867504
146.98861788617887,3135.0579946037137,3074.3720030803565,60.68599152335719
147.2390243902439,3145.9243784149926,3080.266405945658,65.65797246933471
147.48943089430895,3156.132530863602,3086.583230085594,69.54930077800782
147.739837398374,3166.609089591169,3093.7268554670954,72.88223412407342
147.99024390243903,3177.1552603327777,3101.0849143553733,76.07034597740449
148.24065040650407,3188.057232641477,3108.625642329339,79.43159031213827
148.4910569105691,3199.257464390194,3116.447046173119,82.81041821707504
148.74146341463415,3209.8833481860033,3124.6805243029416,85.20282388306168
148.9918699186992,3219.5464132132893,3133.3444718660285,86.2019413472608
149.24227642276423,3228.132077855497,3142.229675051874,85.90240280362286
149.49268292682927,3236.1660307958086,3151.5062675615973,84.65976323421137
149.74308943089432,3243.805244217615,3161.2938741960047,82.51137002161022
149.99349593495936,3251.6246608982224,3171.37753406968,80.24712682854215
150.2439024390244,3259.7377496277277,3181.790215108813,77.94753451891484
150.49430894308944,3268.3187588361725,3192.447744076646,75.87101475952659
150.74471544715448,3277.332646562208,3203.392414937005,73.94023162520307
150.99512195121952,3287.2847018655416,3214.863921281212,72.4207805843298
151.24552845528456,3297.7127220442035,3226.670633094229,71.04208894997464
151.4959349593496,3308.048382016689,3238.6255022446626,69.42287977202659
151.74634146341464,3318.125429461017,3249.5448206165283,68.58060884448878
151.99674796747968,3328.1617259467225,3260.17966103412,67.98206491260271
152.24715447154472,3337.0,3270.7391449039937,66.26085509600625
152.49756097560976,3337.0,3281.498570636853,55.501429363147054
152.7479674796748,3337.0,3292.078148985117,44.92185101488303
152.99837398373984,3337.0,3302.415284161123,34.584715838876946
153.24878048780488,3337.0,3312.943359703177,24.056640296822934
153.49918699186992,3337.0,3323.3729889789056,13.627011021094404
153.74959349593496,3337.0,3333.993583411986,3.0064165880139626
154.0,3337.0,3337.0,0.0
