Time,Distance,LapNumber,Driver,DriverNumber,MaxDistance
0 days 00:00:00,0.0,1,LEC,16,3433.437222222222
0 days 00:00:00.221000,0.0,1,LEC,16,3433.437222222222
0 days 00:00:00.381000,0.0,1,LEC,16,3433.437222222222
0 days 00:00:00.541000,0.0,1,LEC,16,3433.437222222222
0 days 00:00:00.781000,0.0,1,LEC,16,3433.437222222222
0 days 00:00:01.021000,0.0,1,LEC,16,3433.437222222222
0 days 00:00:01.501000,0.0,1,LEC,16,3433.437222222222
0 days 00:00:01.741000,0.26666666666666694,1,LEC,16,3433.437222222222
0 days 00:00:01.941000,0.26666666666666694,1,LEC,16,3433.437222222222
0 days 00:00:02.260000,0.26666666666666694,1,LEC,16,3433.437222222222
0 days 00:00:02.540000,0.26666666666666694,1,LEC,16,3433.437222222222
0 days 00:00:02.740000,0.26666666666666694,1,LEC,16,3433.437222222222
0 days 00:00:02.980000,0.26666666666666694,1,LEC,16,3433.437222222222
0 days 00:00:03.340000,0.7666666666666668,1,LEC,16,3433.437222222222
0 days 00:00:03.740000,1.8777777777777789,1,LEC,16,3433.437222222222
0 days 00:00:04.860000,11.522222222222224,1,LEC,16,3433.437222222222
0 days 00:00:05.060000,13.35555555555555,1,LEC,16,3433.437222222222
0 days 00:00:05.300000,15.555555555555554,1,LEC,16,3433.437222222222
0 days 00:00:05.540000,17.755555555555556,1,LEC,16,3433.437222222222
0 days 00:00:05.861000,20.698055555555555,1,LEC,16,3433.437222222222
0 days 00:00:06.181000,23.542500000000004,1,LEC,16,3433.437222222222
0 days 00:00:06.421000,25.67583333333334,1,LEC,16,3433.437222222222
0 days 00:00:06.661000,27.875833333333333,1,LEC,16,3433.437222222222
0 days 00:00:06.941000,30.442500000000003,1,LEC,16,3433.437222222222
0 days 00:00:07.181000,32.642500000000005,1,LEC,16,3433.437222222222
0 days 00:00:07.341000,34.109166666666674,1,LEC,16,3433.437222222222
0 days 00:00:07.701000,37.40916666666667,1,LEC,16,3433.437222222222
0 days 00:00:08.101000,41.186944444444464,1,LEC,16,3433.437222222222
0 days 00:00:08.261000,42.69805555555556,1,LEC,16,3433.437222222222
0 days 00:00:08.541000,45.342500000000015,1,LEC,16,3433.437222222222
0 days 00:00:08.900000,48.83277777777779,1,LEC,16,3433.437222222222
0 days 00:00:09.060000,50.38833333333335,1,LEC,16,3433.437222222222
0 days 00:00:09.380000,53.499444444444464,1,LEC,16,3433.437222222222
0 days 00:00:09.580000,55.4438888888889,1,LEC,16,3433.437222222222
0 days 00:00:09.981000,59.4538888888889,1,LEC,16,3433.437222222222
0 days 00:00:10.380000,63.44388888888891,1,LEC,16,3433.437222222222
0 days 00:00:10.580000,65.44388888888889,1,LEC,16,3433.437222222222
0 days 00:00:10.900000,68.73277777777778,1,LEC,16,3433.437222222222
0 days 00:00:11.140000,71.13277777777779,1,LEC,16,3433.437222222222
0 days 00:00:11.381000,73.54277777777779,1,LEC,16,3433.437222222222
0 days 00:00:11.701000,76.83166666666668,1,LEC,16,3433.437222222222
0 days 00:00:12.100000,80.82166666666667,1,LEC,16,3433.437222222222
0 days 00:00:12.461000,84.53194444444446,1,LEC,16,3433.437222222222
0 days 00:00:12.781000,87.90972222222224,1,LEC,16,3433.437222222222
0 days 00:00:13.061000,90.94305555555557,1,LEC,16,3433.437222222222
0 days 00:00:13.381000,94.58750000000002,1,LEC,16,3433.437222222222
0 days 00:00:13.621000,97.32083333333335,1,LEC,16,3433.437222222222
0 days 00:00:13.861000,100.12083333333335,1,LEC,16,3433.437222222222
0 days 00:00:14.141000,103.46527777777779,1,LEC,16,3433.437222222222
0 days 00:00:14.381000,106.46527777777779,1,LEC,16,3433.437222222222
0 days 00:00:14.541000,108.50972222222224,1,LEC,16,3433.437222222222
0 days 00:00:14.701000,110.7763888888889,1,LEC,16,3433.437222222222
0 days 00:00:14.941000,114.9763888888889,1,LEC,16,3433.437222222222
0 days 00:00:15.261000,121.64305555555553,1,LEC,16,3433.437222222222
0 days 00:00:15.580000,128.73194444444445,1,LEC,16,3433.437222222222
0 days 00:00:15.900000,136.64305555555558,1,LEC,16,3433.437222222222
0 days 00:00:16.220000,145.44305555555553,1,LEC,16,3433.437222222222
0 days 00:00:16.420000,150.8319444444445,1,LEC,16,3433.437222222222
0 days 00:00:16.620000,156.4430555555556,1,LEC,16,3433.437222222222
0 days 00:00:16.780000,161.50972222222225,1,LEC,16,3433.437222222222
0 days 00:00:17.021000,169.61,1,LEC,16,3433.437222222222
0 days 00:00:17.260000,176.04972222222224,1,LEC,16,3433.437222222222
0 days 00:00:17.540000,183.3608333333333,1,LEC,16,3433.437222222222
0 days 00:00:17.820000,190.59416666666664,1,LEC,16,3433.437222222222
0 days 00:00:18.181000,200.02027777777778,1,LEC,16,3433.437222222222
0 days 00:00:18.541000,208.62027777777777,1,LEC,16,3433.437222222222
0 days 00:00:18.701000,212.26472222222222,1,LEC,16,3433.437222222222
0 days 00:00:18.901000,216.6536111111111,1,LEC,16,3433.437222222222
0 days 00:00:19.181000,222.48694444444448,1,LEC,16,3433.437222222222
0 days 00:00:19.461000,228.08694444444444,1,LEC,16,3433.437222222222
0 days 00:00:19.861000,235.53138888888893,1,LEC,16,3433.437222222222
0 days 00:00:20.181000,241.13138888888892,1,LEC,16,3433.437222222222
0 days 00:00:20.541000,247.23138888888892,1,LEC,16,3433.437222222222
0 days 00:00:20.781000,251.09805555555556,1,LEC,16,3433.437222222222
0 days 00:00:21.061000,255.45361111111114,1,LEC,16,3433.437222222222
0 days 00:00:21.221000,257.8980555555556,1,LEC,16,3433.437222222222
0 days 00:00:21.381000,260.29805555555555,1,LEC,16,3433.437222222222
0 days 00:00:21.741000,265.49805555555554,1,LEC,16,3433.437222222222
0 days 00:00:22.101000,270.3980555555555,1,LEC,16,3433.437222222222
0 days 00:00:22.340000,273.6511111111111,1,LEC,16,3433.437222222222
0 days 00:00:22.540000,276.37333333333333,1,LEC,16,3433.437222222222
0 days 00:00:22.940000,281.92888888888893,1,LEC,16,3433.437222222222
0 days 00:00:23.220000,285.8955555555556,1,LEC,16,3433.437222222222
0 days 00:00:23.620000,291.89555555555563,1,LEC,16,3433.437222222222
0 days 00:00:24.020000,298.22888888888895,1,LEC,16,3433.437222222222
0 days 00:00:24.381000,304.54638888888894,1,LEC,16,3433.437222222222
0 days 00:00:24.860000,314.52555555555557,1,LEC,16,3433.437222222222
0 days 00:00:25.020000,318.0811111111111,1,LEC,16,3433.437222222222
0 days 00:00:25.301000,324.4816666666666,1,LEC,16,3433.437222222222
0 days 00:00:25.581000,331.4816666666667,1,LEC,16,3433.437222222222
0 days 00:00:25.861000,339.72611111111115,1,LEC,16,3433.437222222222
0 days 00:00:26.141000,348.6705555555555,1,LEC,16,3433.437222222222
0 days 00:00:26.381000,357.6038888888889,1,LEC,16,3433.437222222222
0 days 00:00:26.661000,368.415,1,LEC,16,3433.437222222222
0 days 00:00:27.141000,387.48166666666657,1,LEC,16,3433.437222222222
0 days 00:00:27.301000,393.5705555555555,1,LEC,16,3433.437222222222
0 days 00:00:27.461000,399.6594444444444,1,LEC,16,3433.437222222222
0 days 00:00:27.661000,407.5483333333334,1,LEC,16,3433.437222222222
0 days 00:00:27.821000,413.7261111111112,1,LEC,16,3433.437222222222
0 days 00:00:28.181000,426.02611111111116,1,LEC,16,3433.437222222222
0 days 00:00:28.501000,435.98166666666674,1,LEC,16,3433.437222222222
0 days 00:00:28.701000,441.92611111111114,1,LEC,16,3433.437222222222
0 days 00:00:28.860000,446.74027777777775,1,LEC,16,3433.437222222222
0 days 00:00:29.060000,452.9069444444444,1,LEC,16,3433.437222222222
0 days 00:00:29.380000,463.57361111111106,1,LEC,16,3433.437222222222
0 days 00:00:29.700000,476.0180555555555,1,LEC,16,3433.437222222222
0 days 00:00:30.020000,488.81805555555553,1,LEC,16,3433.437222222222
0 days 00:00:30.420000,502.15138888888896,1,LEC,16,3433.437222222222
0 days 00:00:30.701000,510.8155555555556,1,LEC,16,3433.437222222222
0 days 00:00:31.100000,522.0097222222223,1,LEC,16,3433.437222222222
0 days 00:00:31.540000,534.4763888888889,1,LEC,16,3433.437222222222
0 days 00:00:31.700000,539.0986111111112,1,LEC,16,3433.437222222222
0 days 00:00:31.901000,544.9611111111112,1,LEC,16,3433.437222222222
0 days 00:00:32.061000,549.6277777777779,1,LEC,16,3433.437222222222
0 days 00:00:32.221000,554.3388888888888,1,LEC,16,3433.437222222222
0 days 00:00:32.501000,562.6611111111112,1,LEC,16,3433.437222222222
0 days 00:00:32.701000,568.7166666666668,1,LEC,16,3433.437222222222
0 days 00:00:32.981000,577.8944444444446,1,LEC,16,3433.437222222222
0 days 00:00:33.381000,591.8944444444446,1,LEC,16,3433.437222222222
0 days 00:00:33.581000,599.3944444444447,1,LEC,16,3433.437222222222
0 days 00:00:33.781000,607.6722222222223,1,LEC,16,3433.437222222222
0 days 00:00:34.101000,619.3166666666668,1,LEC,16,3433.437222222222
0 days 00:00:34.261000,624.7833333333336,1,LEC,16,3433.437222222222
0 days 00:00:34.541000,633.8833333333334,1,LEC,16,3433.437222222222
0 days 00:00:34.741000,639.9388888888891,1,LEC,16,3433.437222222222
0 days 00:00:35.061000,649.5388888888891,1,LEC,16,3433.437222222222
0 days 00:00:35.261000,655.7055555555559,1,LEC,16,3433.437222222222
0 days 00:00:35.660000,667.8972222222224,1,LEC,16,3433.437222222222
0 days 00:00:35.940000,676.2972222222224,1,LEC,16,3433.437222222222
0 days 00:00:36.260000,685.7194444444447,1,LEC,16,3433.437222222222
0 days 00:00:36.740000,699.7194444444448,1,LEC,16,3433.437222222222
0 days 00:00:37.100000,709.7194444444448,1,LEC,16,3433.437222222222
0 days 00:00:37.340000,715.9194444444448,1,LEC,16,3433.437222222222
0 days 00:00:37.740000,725.2527777777781,1,LEC,16,3433.437222222222
0 days 00:00:38.420000,739.4194444444447,1,LEC,16,3433.437222222222
0 days 00:00:38.621000,743.6069444444447,1,LEC,16,3433.437222222222
0 days 00:00:39.061000,752.8958333333336,1,LEC,16,3433.437222222222
0 days 00:00:39.421000,760.4958333333336,1,LEC,16,3433.437222222222
0 days 00:00:39.661000,765.629166666667,1,LEC,16,3433.437222222222
0 days 00:00:39.941000,771.6958333333337,1,LEC,16,3433.437222222222
0 days 00:00:40.141000,776.0291666666669,1,LEC,16,3433.437222222222
0 days 00:00:40.501000,784.0291666666669,1,LEC,16,3433.437222222222
0 days 00:00:40.701000,788.4180555555558,1,LEC,16,3433.437222222222
0 days 00:00:40.901000,792.8625000000003,1,LEC,16,3433.437222222222
0 days 00:00:41.141000,798.3291666666669,1,LEC,16,3433.437222222222
0 days 00:00:41.421000,804.8625000000002,1,LEC,16,3433.437222222222
0 days 00:00:41.661000,810.5958333333335,1,LEC,16,3433.437222222222
0 days 00:00:42.021000,819.2958333333335,1,LEC,16,3433.437222222222
0 days 00:00:42.460000,830.0269444444446,1,LEC,16,3433.437222222222
0 days 00:00:42.620000,833.8936111111111,1,LEC,16,3433.437222222222
0 days 00:00:42.780000,837.7602777777779,1,LEC,16,3433.437222222222
0 days 00:00:43.140000,846.4602777777778,1,LEC,16,3433.437222222222
0 days 00:00:43.420000,853.2269444444445,1,LEC,16,3433.437222222222
0 days 00:00:43.740000,861.0491666666667,1,LEC,16,3433.437222222222
0 days 00:00:44.020000,867.5047222222223,1,LEC,16,3433.437222222222
0 days 00:00:44.220000,872.0047222222222,1,LEC,16,3433.437222222222
0 days 00:00:44.501000,878.015,1,LEC,16,3433.437222222222
0 days 00:00:44.781000,883.615,1,LEC,16,3433.437222222222
0 days 00:00:44.980000,887.4844444444444,1,LEC,16,3433.437222222222
0 days 00:00:45.261000,892.7922222222223,1,LEC,16,3433.437222222222
0 days 00:00:45.501000,897.1922222222222,1,LEC,16,3433.437222222222
0 days 00:00:45.781000,902.4811111111111,1,LEC,16,3433.437222222222
0 days 00:00:46.261000,914.6144444444445,1,LEC,16,3433.437222222222
0 days 00:00:46.421000,918.7033333333334,1,LEC,16,3433.437222222222
0 days 00:00:46.781000,927.1033333333334,1,LEC,16,3433.437222222222
0 days 00:00:46.981000,931.4366666666667,1,LEC,16,3433.437222222222
0 days 00:00:47.141000,934.8144444444445,1,LEC,16,3433.437222222222
0 days 00:00:47.341000,938.7033333333334,1,LEC,16,3433.437222222222
0 days 00:00:47.661000,944.7477777777779,1,LEC,16,3433.437222222222
0 days 00:00:47.821000,947.77,1,LEC,16,3433.437222222222
0 days 00:00:48.101000,953.2922222222222,1,LEC,16,3433.437222222222
0 days 00:00:48.341000,958.0922222222223,1,LEC,16,3433.437222222222
0 days 00:00:48.541000,962.0366666666666,1,LEC,16,3433.437222222222
0 days 00:00:48.781000,966.8366666666667,1,LEC,16,3433.437222222222
0 days 00:00:49.020000,971.6830555555557,1,LEC,16,3433.437222222222
0 days 00:00:49.340000,978.2608333333335,1,LEC,16,3433.437222222222
0 days 00:00:49.781000,987.8158333333334,1,LEC,16,3433.437222222222
0 days 00:00:49.980000,992.2933333333334,1,LEC,16,3433.437222222222
0 days 00:00:50.420000,1003.4155555555558,1,LEC,16,3433.437222222222
0 days 00:00:50.820000,1015.5266666666669,1,LEC,16,3433.437222222222
0 days 00:00:51.060000,1024.126666666667,1,LEC,16,3433.437222222222
0 days 00:00:51.220000,1030.1711111111113,1,LEC,16,3433.437222222222
0 days 00:00:51.501000,1038.2108333333335,1,LEC,16,3433.437222222222
0 days 00:00:51.821000,1046.9219444444448,1,LEC,16,3433.437222222222
0 days 00:00:51.981000,1050.9219444444448,1,LEC,16,3433.437222222222
0 days 00:00:52.141000,1054.9219444444448,1,LEC,16,3433.437222222222
0 days 00:00:52.381000,1060.2552777777782,1,LEC,16,3433.437222222222
0 days 00:00:52.621000,1065.4552777777783,1,LEC,16,3433.437222222222
0 days 00:00:52.981000,1074.0552777777782,1,LEC,16,3433.437222222222
0 days 00:00:53.141000,1077.9219444444448,1,LEC,16,3433.437222222222
0 days 00:00:53.581000,1090.2663888888894,1,LEC,16,3433.437222222222
0 days 00:00:53.861000,1098.1219444444448,1,LEC,16,3433.437222222222
0 days 00:00:54.221000,1108.3219444444449,1,LEC,16,3433.437222222222
0 days 00:00:54.621000,1119.4330555555562,1,LEC,16,3433.437222222222
0 days 00:00:54.781000,1123.7886111111115,1,LEC,16,3433.437222222222
0 days 00:00:55.061000,1131.0997222222227,1,LEC,16,3433.437222222222
0 days 00:00:55.461000,1140.433055555556,1,LEC,16,3433.437222222222
0 days 00:00:55.900000,1149.3350000000005,1,LEC,16,3433.437222222222
0 days 00:00:56.180000,1154.2350000000006,1,LEC,16,3433.437222222222
0 days 00:00:56.420000,1158.1016666666674,1,LEC,16,3433.437222222222
0 days 00:00:56.660000,1162.1016666666674,1,LEC,16,3433.437222222222
0 days 00:00:56.860000,1165.6016666666674,1,LEC,16,3433.437222222222
0 days 00:00:57.260000,1172.8238888888895,1,LEC,16,3433.437222222222
0 days 00:00:57.420000,1175.668333333334,1,LEC,16,3433.437222222222
0 days 00:00:57.701000,1180.5077777777783,1,LEC,16,3433.437222222222
0 days 00:00:58.101000,1187.174444444445,1,LEC,16,3433.437222222222
0 days 00:00:58.501000,1193.5077777777783,1,LEC,16,3433.437222222222
0 days 00:00:58.701000,1196.674444444445,1,LEC,16,3433.437222222222
0 days 00:00:59.181000,1204.1411111111117,1,LEC,16,3433.437222222222
0 days 00:00:59.461000,1208.4188888888896,1,LEC,16,3433.437222222222
0 days 00:00:59.781000,1213.1300000000008,1,LEC,16,3433.437222222222
0 days 00:01:00.061000,1217.0966666666675,1,LEC,16,3433.437222222222
0 days 00:01:00.341000,1221.2966666666675,1,LEC,16,3433.437222222222
0 days 00:01:00.621000,1225.8077777777787,1,LEC,16,3433.437222222222
0 days 00:01:00.901000,1230.7855555555566,1,LEC,16,3433.437222222222
0 days 00:01:01.301000,1240.341111111112,1,LEC,16,3433.437222222222
0 days 00:01:01.701000,1250.452222222223,1,LEC,16,3433.437222222222
0 days 00:01:01.861000,1254.852222222223,1,LEC,16,3433.437222222222
0 days 00:01:02.181000,1262.852222222223,1,LEC,16,3433.437222222222
0 days 00:01:02.500000,1270.2955555555563,1,LEC,16,3433.437222222222
0 days 00:01:02.860000,1277.7955555555563,1,LEC,16,3433.437222222222
0 days 00:01:03.180000,1283.7511111111119,1,LEC,16,3433.437222222222
0 days 00:01:03.500000,1288.9955555555564,1,LEC,16,3433.437222222222
0 days 00:01:03.740000,1292.7288888888897,1,LEC,16,3433.437222222222
0 days 00:01:03.940000,1295.7844444444452,1,LEC,16,3433.437222222222
0 days 00:01:04.300000,1300.5844444444451,1,LEC,16,3433.437222222222
0 days 00:01:04.660000,1304.684444444445,1,LEC,16,3433.437222222222
0 days 00:01:04.941000,1307.884722222223,1,LEC,16,3433.437222222222
0 days 00:01:05.101000,1309.6180555555563,1,LEC,16,3433.437222222222
0 days 00:01:05.341000,1312.0180555555562,1,LEC,16,3433.437222222222
0 days 00:01:05.621000,1314.7402777777784,1,LEC,16,3433.437222222222
0 days 00:01:05.781000,1316.3402777777785,1,LEC,16,3433.437222222222
0 days 00:01:06.061000,1319.1402777777785,1,LEC,16,3433.437222222222
0 days 00:01:06.301000,1321.4736111111117,1,LEC,16,3433.437222222222
0 days 00:01:06.541000,1323.806944444445,1,LEC,16,3433.437222222222
0 days 00:01:06.941000,1327.5847222222228,1,LEC,16,3433.437222222222
0 days 00:01:07.301000,1330.8847222222228,1,LEC,16,3433.437222222222
0 days 00:01:07.541000,1333.0847222222228,1,LEC,16,3433.437222222222
0 days 00:01:07.701000,1334.5513888888895,1,LEC,16,3433.437222222222
0 days 00:01:07.861000,1336.0180555555562,1,LEC,16,3433.437222222222
0 days 00:01:08.101000,1338.2180555555562,1,LEC,16,3433.437222222222
0 days 00:01:08.261000,1339.684722222223,1,LEC,16,3433.437222222222
0 days 00:01:08.581000,1342.6180555555563,1,LEC,16,3433.437222222222
0 days 00:01:08.861000,1345.184722222223,1,LEC,16,3433.437222222222
0 days 00:01:09.061000,1347.0180555555562,1,LEC,16,3433.437222222222
0 days 00:01:09.380000,1350.9169444444449,1,LEC,16,3433.437222222222
0 days 00:01:09.620000,1354.6502777777785,1,LEC,16,3433.437222222222
0 days 00:01:09.820000,1357.7613888888893,1,LEC,16,3433.437222222222
0 days 00:01:10.140000,1364.3391666666673,1,LEC,16,3433.437222222222
0 days 00:01:10.340000,1368.394722222223,1,LEC,16,3433.437222222222
0 days 00:01:10.620000,1374.3836111111118,1,LEC,16,3433.437222222222
0 days 00:01:10.860000,1379.9836111111117,1,LEC,16,3433.437222222222
0 days 00:01:11.181000,1386.4927777777784,1,LEC,16,3433.437222222222
0 days 00:01:11.420000,1390.6752777777785,1,LEC,16,3433.437222222222
0 days 00:01:11.701000,1395.2805555555562,1,LEC,16,3433.437222222222
0 days 00:01:11.981000,1399.4805555555563,1,LEC,16,3433.437222222222
0 days 00:01:12.181000,1402.4805555555563,1,LEC,16,3433.437222222222
0 days 00:01:12.501000,1406.9250000000009,1,LEC,16,3433.437222222222
0 days 00:01:12.861000,1411.7250000000008,1,LEC,16,3433.437222222222
0 days 00:01:13.021000,1413.858333333334,1,LEC,16,3433.437222222222
0 days 00:01:13.301000,1417.5138888888896,1,LEC,16,3433.437222222222
0 days 00:01:13.461000,1419.6027777777783,1,LEC,16,3433.437222222222
0 days 00:01:13.701000,1422.7361111111115,1,LEC,16,3433.437222222222
0 days 00:01:14.021000,1427.0027777777782,1,LEC,16,3433.437222222222
0 days 00:01:14.261000,1430.402777777778,1,LEC,16,3433.437222222222
0 days 00:01:14.541000,1434.6805555555559,1,LEC,16,3433.437222222222
0 days 00:01:14.741000,1438.3472222222226,1,LEC,16,3433.437222222222
0 days 00:01:15.021000,1444.102777777778,1,LEC,16,3433.437222222222
0 days 00:01:15.261000,1450.1694444444447,1,LEC,16,3433.437222222222
0 days 00:01:15.661000,1458.5027777777782,1,LEC,16,3433.437222222222
0 days 00:01:15.820000,1461.7711111111114,1,LEC,16,3433.437222222222
0 days 00:01:16.100000,1467.1377777777782,1,LEC,16,3433.437222222222
0 days 00:01:16.260000,1470.0711111111118,1,LEC,16,3433.437222222222
0 days 00:01:16.500000,1474.2711111111116,1,LEC,16,3433.437222222222
0 days 00:01:16.740000,1478.3377777777782,1,LEC,16,3433.437222222222
0 days 00:01:17.140000,1485.004444444445,1,LEC,16,3433.437222222222
0 days 00:01:17.340000,1488.1711111111117,1,LEC,16,3433.437222222222
0 days 00:01:17.501000,1490.630833333334,1,LEC,16,3433.437222222222
0 days 00:01:17.940000,1497.3377777777785,1,LEC,16,3433.437222222222
0 days 00:01:18.181000,1500.885833333334,1,LEC,16,3433.437222222222
0 days 00:01:18.461000,1504.7747222222229,1,LEC,16,3433.437222222222
0 days 00:01:18.661000,1507.4413888888896,1,LEC,16,3433.437222222222
0 days 00:01:18.901000,1510.5080555555562,1,LEC,16,3433.437222222222
0 days 00:01:19.101000,1513.0080555555562,1,LEC,16,3433.437222222222
0 days 00:01:19.341000,1515.9413888888894,1,LEC,16,3433.437222222222
0 days 00:01:19.581000,1518.9413888888894,1,LEC,16,3433.437222222222
0 days 00:01:19.901000,1523.030277777778,1,LEC,16,3433.437222222222
0 days 00:01:20.141000,1526.4969444444448,1,LEC,16,3433.437222222222
0 days 00:01:20.301000,1529.3413888888892,1,LEC,16,3433.437222222222
0 days 00:01:20.581000,1534.2413888888893,1,LEC,16,3433.437222222222
0 days 00:01:20.741000,1537.1747222222225,1,LEC,16,3433.437222222222
0 days 00:01:20.941000,1540.7302777777782,1,LEC,16,3433.437222222222
0 days 00:01:21.261000,1547.930277777778,1,LEC,16,3433.437222222222
0 days 00:01:21.541000,1554.1525000000001,1,LEC,16,3433.437222222222
0 days 00:01:21.901000,1562.8525000000002,1,LEC,16,3433.437222222222
0 days 00:01:22.261000,1574.2525000000003,1,LEC,16,3433.437222222222
0 days 00:01:22.540000,1582.1575000000005,1,LEC,16,3433.437222222222
0 days 00:01:22.740000,1587.7686111111113,1,LEC,16,3433.437222222222
0 days 00:01:23.181000,1601.8561111111114,1,LEC,16,3433.437222222222
0 days 00:01:23.420000,1609.889166666667,1,LEC,16,3433.437222222222
0 days 00:01:23.740000,1622.3336111111112,1,LEC,16,3433.437222222222
0 days 00:01:24.180000,1639.566944444445,1,LEC,16,3433.437222222222
0 days 00:01:24.381000,1647.7186111111114,1,LEC,16,3433.437222222222
0 days 00:01:24.541000,1654.3408333333334,1,LEC,16,3433.437222222222
0 days 00:01:24.821000,1666.396388888889,1,LEC,16,3433.437222222222
0 days 00:01:25.301000,1687.9963888888892,1,LEC,16,3433.437222222222
0 days 00:01:25.501000,1697.5519444444449,1,LEC,16,3433.437222222222
0 days 00:01:25.661000,1705.4186111111114,1,LEC,16,3433.437222222222
0 days 00:01:26.061000,1724.5297222222227,1,LEC,16,3433.437222222222
0 days 00:01:26.261000,1733.5852777777777,1,LEC,16,3433.437222222222
0 days 00:01:26.741000,1753.0519444444446,1,LEC,16,3433.437222222222
0 days 00:01:27.141000,1769.9408333333338,1,LEC,16,3433.437222222222
0 days 00:01:27.461000,1783.6297222222224,1,LEC,16,3433.437222222222
0 days 00:01:27.741000,1795.6075000000003,1,LEC,16,3433.437222222222
0 days 00:01:27.981000,1805.8741666666667,1,LEC,16,3433.437222222222
0 days 00:01:28.221000,1816.0741666666672,1,LEC,16,3433.437222222222
0 days 00:01:28.581000,1831.6741666666671,1,LEC,16,3433.437222222222
0 days 00:01:28.781000,1840.2297222222228,1,LEC,16,3433.437222222222
0 days 00:01:28.981000,1848.8963888888889,1,LEC,16,3433.437222222222
0 days 00:01:29.220000,1859.2530555555556,1,LEC,16,3433.437222222222
0 days 00:01:29.420000,1868.0863888888891,1,LEC,16,3433.437222222222
0 days 00:01:29.580000,1875.1975,1,LEC,16,3433.437222222222
0 days 00:01:29.740000,1882.3974999999998,1,LEC,16,3433.437222222222
0 days 00:01:29.980000,1893.5975000000003,1,LEC,16,3433.437222222222
0 days 00:01:30.260000,1906.353055555556,1,LEC,16,3433.437222222222
0 days 00:01:30.581000,1918.925555555556,1,LEC,16,3433.437222222222
0 days 00:01:30.860000,1928.535555555556,1,LEC,16,3433.437222222222
0 days 00:01:31.101000,1936.100277777778,1,LEC,16,3433.437222222222
0 days 00:01:31.301000,1942.0447222222226,1,LEC,16,3433.437222222222
0 days 00:01:31.661000,1952.5447222222226,1,LEC,16,3433.437222222222
0 days 00:01:31.861000,1958.378055555556,1,LEC,16,3433.437222222222
0 days 00:01:32.061000,1964.2113888888896,1,LEC,16,3433.437222222222
0 days 00:01:32.261000,1970.0447222222226,1,LEC,16,3433.437222222222
0 days 00:01:32.541000,1978.6002777777783,1,LEC,16,3433.437222222222
0 days 00:01:32.741000,1984.878055555556,1,LEC,16,3433.437222222222
0 days 00:01:33.101000,1996.7780555555562,1,LEC,16,3433.437222222222
0 days 00:01:33.341000,2004.978055555556,1,LEC,16,3433.437222222222
0 days 00:01:33.541000,2011.978055555556,1,LEC,16,3433.437222222222
0 days 00:01:33.701000,2017.7558333333336,1,LEC,16,3433.437222222222
0 days 00:01:33.941000,2026.4225000000006,1,LEC,16,3433.437222222222
0 days 00:01:34.261000,2037.7113888888891,1,LEC,16,3433.437222222222
0 days 00:01:34.421000,2043.266944444445,1,LEC,16,3433.437222222222
0 days 00:01:34.581000,2048.8225000000007,1,LEC,16,3433.437222222222
0 days 00:01:34.861000,2058.3891666666673,1,LEC,16,3433.437222222222
0 days 00:01:35.101000,2066.3891666666673,1,LEC,16,3433.437222222222
0 days 00:01:35.381000,2075.566944444445,1,LEC,16,3433.437222222222
0 days 00:01:35.781000,2088.344722222223,1,LEC,16,3433.437222222222
0 days 00:01:36.060000,2096.869722222223,1,LEC,16,3433.437222222222
0 days 00:01:36.340000,2104.880833333334,1,LEC,16,3433.437222222222
0 days 00:01:36.820000,2117.0141666666673,1,LEC,16,3433.437222222222
0 days 00:01:37.181000,2125.337222222223,1,LEC,16,3433.437222222222
0 days 00:01:37.381000,2129.6150000000007,1,LEC,16,3433.437222222222
0 days 00:01:37.701000,2136.1038888888893,1,LEC,16,3433.437222222222
0 days 00:01:37.981000,2141.2372222222225,1,LEC,16,3433.437222222222
0 days 00:01:38.221000,2145.4372222222228,1,LEC,16,3433.437222222222
0 days 00:01:38.381000,2148.1038888888893,1,LEC,16,3433.437222222222
0 days 00:01:38.781000,2154.2150000000006,1,LEC,16,3433.437222222222
0 days 00:01:38.981000,2157.1038888888893,1,LEC,16,3433.437222222222
0 days 00:01:39.221000,2160.4372222222228,1,LEC,16,3433.437222222222
0 days 00:01:39.421000,2163.159444444445,1,LEC,16,3433.437222222222
0 days 00:01:39.621000,2165.9372222222228,1,LEC,16,3433.437222222222
0 days 00:01:39.821000,2168.659444444445,1,LEC,16,3433.437222222222
0 days 00:01:40.101000,2172.3150000000005,1,LEC,16,3433.437222222222
0 days 00:01:40.581000,2178.1816666666673,1,LEC,16,3433.437222222222
0 days 00:01:40.781000,2180.5705555555564,1,LEC,16,3433.437222222222
0 days 00:01:41.141000,2184.6705555555563,1,LEC,16,3433.437222222222
0 days 00:01:41.421000,2187.626111111112,1,LEC,16,3433.437222222222
0 days 00:01:41.581000,2189.1816666666678,1,LEC,16,3433.437222222222
0 days 00:01:41.821000,2191.3816666666676,1,LEC,16,3433.437222222222
0 days 00:01:42.021000,2193.1594444444454,1,LEC,16,3433.437222222222
0 days 00:01:42.341000,2196.00388888889,1,LEC,16,3433.437222222222
0 days 00:01:42.581000,2198.137222222223,1,LEC,16,3433.437222222222
0 days 00:01:42.860000,2200.539722222223,1,LEC,16,3433.437222222222
0 days 00:01:43.020000,2201.961944444445,1,LEC,16,3433.437222222222
0 days 00:01:43.420000,2206.0730555555565,1,LEC,16,3433.437222222222
0 days 00:01:43.620000,2208.184166666668,1,LEC,16,3433.437222222222
0 days 00:01:44.060000,2213.317500000001,1,LEC,16,3433.437222222222
0 days 00:01:44.261000,2215.7741666666675,1,LEC,16,3433.437222222222
0 days 00:01:44.461000,2218.329722222223,1,LEC,16,3433.437222222222
0 days 00:01:44.621000,2220.4630555555564,1,LEC,16,3433.437222222222
0 days 00:01:44.861000,2223.9963888888897,1,LEC,16,3433.437222222222
0 days 00:01:45.061000,2227.107500000001,1,LEC,16,3433.437222222222
0 days 00:01:45.301000,2231.0408333333344,1,LEC,16,3433.437222222222
0 days 00:01:45.581000,2236.1741666666676,1,LEC,16,3433.437222222222
0 days 00:01:45.821000,2240.840833333334,1,LEC,16,3433.437222222222
0 days 00:01:46.261000,2251.1075000000005,1,LEC,16,3433.437222222222
0 days 00:01:46.581000,2259.2852777777784,1,LEC,16,3433.437222222222
0 days 00:01:46.941000,2269.4852777777783,1,LEC,16,3433.437222222222
0 days 00:01:47.261000,2280.685277777778,1,LEC,16,3433.437222222222
0 days 00:01:47.461000,2287.463055555556,1,LEC,16,3433.437222222222
0 days 00:01:47.621000,2292.885277777778,1,LEC,16,3433.437222222222
0 days 00:01:47.781000,2298.174166666667,1,LEC,16,3433.437222222222
0 days 00:01:47.981000,2305.563055555556,1,LEC,16,3433.437222222222
0 days 00:01:48.341000,2319.463055555556,1,LEC,16,3433.437222222222
0 days 00:01:48.741000,2335.2408333333337,1,LEC,16,3433.437222222222
0 days 00:01:49.181000,2352.7186111111114,1,LEC,16,3433.437222222222
0 days 00:01:49.380000,2360.6786111111114,1,LEC,16,3433.437222222222
0 days 00:01:50.340000,2393.7452777777785,1,LEC,16,3433.437222222222
0 days 00:01:50.620000,2402.4563888888897,1,LEC,16,3433.437222222222
0 days 00:01:50.781000,2407.1969444444453,1,LEC,16,3433.437222222222
0 days 00:01:50.981000,2412.808055555556,1,LEC,16,3433.437222222222
0 days 00:01:51.221000,2419.274722222223,1,LEC,16,3433.437222222222
0 days 00:01:51.661000,2430.5191666666674,1,LEC,16,3433.437222222222
0 days 00:01:51.941000,2437.44138888889,1,LEC,16,3433.437222222222
0 days 00:01:52.261000,2444.996944444445,1,LEC,16,3433.437222222222
0 days 00:01:52.661000,2454.1080555555563,1,LEC,16,3433.437222222222
0 days 00:01:52.861000,2458.663611111112,1,LEC,16,3433.437222222222
0 days 00:01:53.061000,2463.2191666666677,1,LEC,16,3433.437222222222
0 days 00:01:53.301000,2468.6858333333344,1,LEC,16,3433.437222222222
0 days 00:01:53.581000,2475.063611111112,1,LEC,16,3433.437222222222
0 days 00:01:53.821000,2480.530277777779,1,LEC,16,3433.437222222222
0 days 00:01:54.021000,2485.0858333333344,1,LEC,16,3433.437222222222
0 days 00:01:54.261000,2490.8191666666676,1,LEC,16,3433.437222222222
0 days 00:01:54.501000,2496.819166666668,1,LEC,16,3433.437222222222
0 days 00:01:54.741000,2503.0858333333344,1,LEC,16,3433.437222222222
0 days 00:01:54.981000,2509.6858333333344,1,LEC,16,3433.437222222222
0 days 00:01:55.141000,2514.1747222222234,1,LEC,16,3433.437222222222
0 days 00:01:55.381000,2520.974722222223,1,LEC,16,3433.437222222222
0 days 00:01:55.581000,2526.752500000001,1,LEC,16,3433.437222222222
0 days 00:01:55.741000,2531.374722222223,1,LEC,16,3433.437222222222
0 days 00:01:56.021000,2539.6191666666678,1,LEC,16,3433.437222222222
0 days 00:01:56.220000,2545.5891666666676,1,LEC,16,3433.437222222222
0 days 00:01:56.420000,2551.5891666666676,1,LEC,16,3433.437222222222
0 days 00:01:56.660000,2558.7891666666674,1,LEC,16,3433.437222222222
0 days 00:01:56.940000,2567.033611111112,1,LEC,16,3433.437222222222
0 days 00:01:57.341000,2578.3952777777786,1,LEC,16,3433.437222222222
0 days 00:01:57.661000,2587.3730555555567,1,LEC,16,3433.437222222222
0 days 00:01:57.941000,2595.228611111112,1,LEC,16,3433.437222222222
0 days 00:01:58.101000,2599.7175000000007,1,LEC,16,3433.437222222222
0 days 00:01:58.461000,2609.8175000000006,1,LEC,16,3433.437222222222
0 days 00:01:58.741000,2617.673055555556,1,LEC,16,3433.437222222222
0 days 00:01:58.941000,2623.2841666666673,1,LEC,16,3433.437222222222
0 days 00:01:59.141000,2628.8952777777786,1,LEC,16,3433.437222222222
0 days 00:01:59.381000,2635.6286111111117,1,LEC,16,3433.437222222222
0 days 00:01:59.541000,2640.1175000000003,1,LEC,16,3433.437222222222
0 days 00:01:59.821000,2648.1286111111112,1,LEC,16,3433.437222222222
0 days 00:02:00.261000,2660.595277777778,1,LEC,16,3433.437222222222
0 days 00:02:00.541000,2668.5286111111113,1,LEC,16,3433.437222222222
0 days 00:02:00.821000,2676.6175000000003,1,LEC,16,3433.437222222222
0 days 00:02:01.021000,2682.5619444444446,1,LEC,16,3433.437222222222
0 days 00:02:01.501000,2698.295277777778,1,LEC,16,3433.437222222222
0 days 00:02:01.901000,2710.9619444444447,1,LEC,16,3433.437222222222
0 days 00:02:02.101000,2717.073055555556,1,LEC,16,3433.437222222222
0 days 00:02:02.301000,2722.461944444445,1,LEC,16,3433.437222222222
0 days 00:02:02.621000,2730.1952777777783,1,LEC,16,3433.437222222222
0 days 00:02:02.860000,2735.771944444445,1,LEC,16,3433.437222222222
0 days 00:02:03.060000,2740.271944444445,1,LEC,16,3433.437222222222
0 days 00:02:03.301000,2745.493611111112,1,LEC,16,3433.437222222222
0 days 00:02:03.540000,2750.472777777779,1,LEC,16,3433.437222222222
0 days 00:02:03.821000,2756.092777777779,1,LEC,16,3433.437222222222
0 days 00:02:04.021000,2760.092777777779,1,LEC,16,3433.437222222222
0 days 00:02:04.341000,2766.226111111112,1,LEC,16,3433.437222222222
0 days 00:02:04.621000,2771.437222222223,1,LEC,16,3433.437222222222
0 days 00:02:04.901000,2776.5705555555564,1,LEC,16,3433.437222222222
0 days 00:02:05.101000,2780.237222222223,1,LEC,16,3433.437222222222
0 days 00:02:05.541000,2788.426111111112,1,LEC,16,3433.437222222222
0 days 00:02:05.861000,2794.2927777777786,1,LEC,16,3433.437222222222
0 days 00:02:06.141000,2799.3483333333343,1,LEC,16,3433.437222222222
0 days 00:02:06.341000,2802.8483333333343,1,LEC,16,3433.437222222222
0 days 00:02:06.621000,2807.6705555555563,1,LEC,16,3433.437222222222
0 days 00:02:06.941000,2813.1816666666678,1,LEC,16,3433.437222222222
0 days 00:02:07.141000,2816.6816666666678,1,LEC,16,3433.437222222222
0 days 00:02:07.461000,2822.4594444444456,1,LEC,16,3433.437222222222
0 days 00:02:07.621000,2825.392777777779,1,LEC,16,3433.437222222222
0 days 00:02:07.781000,2828.4150000000013,1,LEC,16,3433.437222222222
0 days 00:02:07.941000,2831.526111111112,1,LEC,16,3433.437222222222
0 days 00:02:08.181000,2836.392777777779,1,LEC,16,3433.437222222222
0 days 00:02:08.421000,2841.5261111111117,1,LEC,16,3433.437222222222
0 days 00:02:08.701000,2847.826111111112,1,LEC,16,3433.437222222222
0 days 00:02:08.941000,2853.5594444444455,1,LEC,16,3433.437222222222
0 days 00:02:09.141000,2858.448333333334,1,LEC,16,3433.437222222222
0 days 00:02:09.301000,2862.4038888888895,1,LEC,16,3433.437222222222
0 days 00:02:09.701000,2872.6261111111116,1,LEC,16,3433.437222222222
0 days 00:02:09.860000,2876.6894444444456,1,LEC,16,3433.437222222222
0 days 00:02:10.140000,2884.000555555556,1,LEC,16,3433.437222222222
0 days 00:02:10.501000,2893.3263888888896,1,LEC,16,3433.437222222222
0 days 00:02:10.821000,2901.504166666667,1,LEC,16,3433.437222222222
0 days 00:02:11.101000,2908.6597222222226,1,LEC,16,3433.437222222222
0 days 00:02:11.261000,2912.7486111111116,1,LEC,16,3433.437222222222
0 days 00:02:11.461000,2917.970833333334,1,LEC,16,3433.437222222222
0 days 00:02:11.781000,2925.970833333334,1,LEC,16,3433.437222222222
0 days 00:02:12.101000,2933.5263888888894,1,LEC,16,3433.437222222222
0 days 00:02:12.461000,2941.4263888888895,1,LEC,16,3433.437222222222
0 days 00:02:12.621000,2944.893055555556,1,LEC,16,3433.437222222222
0 days 00:02:12.981000,2952.093055555556,1,LEC,16,3433.437222222222
0 days 00:02:13.141000,2955.204166666667,1,LEC,16,3433.437222222222
0 days 00:02:13.381000,2959.5375000000004,1,LEC,16,3433.437222222222
0 days 00:02:13.621000,2963.670833333334,1,LEC,16,3433.437222222222
0 days 00:02:13.821000,2967.004166666667,1,LEC,16,3433.437222222222
0 days 00:02:14.061000,2970.8041666666672,1,LEC,16,3433.437222222222
0 days 00:02:14.221000,2973.2486111111116,1,LEC,16,3433.437222222222
0 days 00:02:14.461000,2976.7152777777783,1,LEC,16,3433.437222222222
0 days 00:02:14.741000,2980.604166666667,1,LEC,16,3433.437222222222
0 days 00:02:15.141000,2985.715277777778,1,LEC,16,3433.437222222222
0 days 00:02:15.541000,2990.4930555555557,1,LEC,16,3433.437222222222
0 days 00:02:15.781000,2993.2263888888892,1,LEC,16,3433.437222222222
0 days 00:02:15.982000,2995.4597222222224,1,LEC,16,3433.437222222222
0 days 00:02:16.381000,2999.7822222222226,1,LEC,16,3433.437222222222
0 days 00:02:16.740000,3003.6713888888894,1,LEC,16,3433.437222222222
0 days 00:02:16.940000,3005.838055555556,1,LEC,16,3433.437222222222
0 days 00:02:17.140000,3008.060277777778,1,LEC,16,3433.437222222222
0 days 00:02:17.461000,3012.0727777777784,1,LEC,16,3433.437222222222
0 days 00:02:17.781000,3016.339444444445,1,LEC,16,3433.437222222222
0 days 00:02:18.061000,3020.5394444444446,1,LEC,16,3433.437222222222
0 days 00:02:18.501000,3028.972777777778,1,LEC,16,3433.437222222222
0 days 00:02:18.661000,3032.617222222222,1,LEC,16,3433.437222222222
0 days 00:02:18.941000,3038.7616666666668,1,LEC,16,3433.437222222222
0 days 00:02:19.101000,3042.0950000000003,1,LEC,16,3433.437222222222
0 days 00:02:19.261000,3045.872777777778,1,LEC,16,3433.437222222222
0 days 00:02:19.421000,3049.650555555556,1,LEC,16,3433.437222222222
0 days 00:02:19.701000,3055.250555555556,1,LEC,16,3433.437222222222
0 days 00:02:19.901000,3058.917222222223,1,LEC,16,3433.437222222222
0 days 00:02:20.141000,3062.9172222222223,1,LEC,16,3433.437222222222
0 days 00:02:20.301000,3065.4505555555556,1,LEC,16,3433.437222222222
0 days 00:02:20.621000,3070.161666666667,1,LEC,16,3433.437222222222
0 days 00:02:20.821000,3072.9394444444447,1,LEC,16,3433.437222222222
0 days 00:02:20.981000,3075.072777777778,1,LEC,16,3433.437222222222
0 days 00:02:21.261000,3078.806111111111,1,LEC,16,3433.437222222222
0 days 00:02:21.661000,3083.9172222222223,1,LEC,16,3433.437222222222
0 days 00:02:22.101000,3089.172777777778,1,LEC,16,3433.437222222222
0 days 00:02:22.301000,3091.5616666666665,1,LEC,16,3433.437222222222
0 days 00:02:22.461000,3093.472777777778,1,LEC,16,3433.437222222222
0 days 00:02:22.621000,3095.472777777778,1,LEC,16,3433.437222222222
0 days 00:02:22.980000,3100.458888888889,1,LEC,16,3433.437222222222
0 days 00:02:23.260000,3104.7366666666667,1,LEC,16,3433.437222222222
0 days 00:02:23.540000,3109.2477777777776,1,LEC,16,3433.437222222222
0 days 00:02:24.021000,3121.1391666666664,1,LEC,16,3433.437222222222
0 days 00:02:24.181000,3124.6502777777782,1,LEC,16,3433.437222222222
0 days 00:02:24.421000,3130.2502777777777,1,LEC,16,3433.437222222222
0 days 00:02:24.621000,3135.250277777778,1,LEC,16,3433.437222222222
0 days 00:02:24.781000,3139.6947222222225,1,LEC,16,3433.437222222222
0 days 00:02:25.061000,3148.716944444445,1,LEC,16,3433.437222222222
0 days 00:02:25.261000,3155.6613888888887,1,LEC,16,3433.437222222222
0 days 00:02:25.501000,3164.0613888888893,1,LEC,16,3433.437222222222
0 days 00:02:25.701000,3171.7280555555553,1,LEC,16,3433.437222222222
0 days 00:02:26.061000,3185.128055555556,1,LEC,16,3433.437222222222
0 days 00:02:26.301000,3194.2613888888886,1,LEC,16,3433.437222222222
0 days 00:02:26.581000,3206.5502777777774,1,LEC,16,3433.437222222222
0 days 00:02:26.821000,3217.8836111111113,1,LEC,16,3433.437222222222
0 days 00:02:27.141000,3232.7280555555553,1,LEC,16,3433.437222222222
0 days 00:02:27.541000,3249.505833333333,1,LEC,16,3433.437222222222
0 days 00:02:28.021000,3270.305833333333,1,LEC,16,3433.437222222222
0 days 00:02:28.261000,3281.105833333333,1,LEC,16,3433.437222222222
0 days 00:02:28.541000,3294.016944444444,1,LEC,16,3433.437222222222
0 days 00:02:28.701000,3300.9947222222218,1,LEC,16,3433.437222222222
0 days 00:02:28.941000,3310.794722222222,1,LEC,16,3433.437222222222
0 days 00:02:29.261000,3322.0836111111107,1,LEC,16,3433.437222222222
0 days 00:02:29.461000,3328.6947222222225,1,LEC,16,3433.437222222222
0 days 00:02:29.860000,3341.218888888889,1,LEC,16,3433.437222222222
0 days 00:02:30.181000,3351.7405555555556,1,LEC,16,3433.437222222222
0 days 00:02:30.461000,3361.540555555556,1,LEC,16,3433.437222222222
0 days 00:02:30.661000,3368.9294444444445,1,LEC,16,3433.437222222222
0 days 00:02:30.821000,3374.8849999999998,1,LEC,16,3433.437222222222
0 days 00:02:31.141000,3388.4849999999997,1,LEC,16,3433.437222222222
0 days 00:02:31.301000,3395.418333333333,1,LEC,16,3433.437222222222
0 days 00:02:31.501000,3403.8627777777783,1,LEC,16,3433.437222222222
0 days 00:02:31.861000,3418.7627777777775,1,LEC,16,3433.437222222222
0 days 00:02:32.141000,3430.2738888888885,1,LEC,16,3433.437222222222
0 days 00:02:32.219000,3433.437222222222,1,LEC,16,3433.437222222222
0 days 00:00:00,0.0,1,SAI,55,3343.8125
0 days 00:00:00.221000,0.0,1,SAI,55,3343.8125
0 days 00:00:00.381000,0.0,1,SAI,55,3343.8125
0 days 00:00:00.541000,0.0,1,SAI,55,3343.8125
0 days 00:00:00.781000,0.0,1,SAI,55,3343.8125
0 days 00:00:01.021000,0.0,1,SAI,55,3343.8125
0 days 00:00:01.501000,0.0,1,SAI,55,3343.8125
0 days 00:00:01.741000,0.0,1,SAI,55,3343.8125
0 days 00:00:01.941000,0.0,1,SAI,55,3343.8125
0 days 00:00:02.260000,0.0,1,SAI,55,3343.8125
0 days 00:00:02.540000,0.0,1,SAI,55,3343.8125
0 days 00:00:02.740000,0.0,1,SAI,55,3343.8125
0 days 00:00:02.980000,0.0,1,SAI,55,3343.8125
0 days 00:00:03.340000,0.0,1,SAI,55,3343.8125
0 days 00:00:03.740000,0.0,1,SAI,55,3343.8125
0 days 00:00:04.860000,0.6222222222222223,1,SAI,55,3343.8125
0 days 00:00:05.060000,0.8444444444444438,1,SAI,55,3343.8125
0 days 00:00:05.300000,1.244444444444444,1,SAI,55,3343.8125
0 days 00:00:05.540000,1.9111111111111112,1,SAI,55,3343.8125
0 days 00:00:05.861000,3.1594444444444436,1,SAI,55,3343.8125
0 days 00:00:06.181000,5.026111111111112,1,SAI,55,3343.8125
0 days 00:00:06.421000,6.759444444444447,1,SAI,55,3343.8125
0 days 00:00:06.661000,8.75944444444444,1,SAI,55,3343.8125
0 days 00:00:06.941000,11.63722222222222,1,SAI,55,3343.8125
0 days 00:00:07.181000,14.303888888888888,1,SAI,55,3343.8125
0 days 00:00:07.341000,16.081666666666667,1,SAI,55,3343.8125
0 days 00:00:07.701000,19.88166666666666,1,SAI,55,3343.8125
0 days 00:00:08.101000,23.881666666666675,1,SAI,55,3343.8125
0 days 00:00:08.261000,25.437222222222214,1,SAI,55,3343.8125
0 days 00:00:08.541000,28.159444444444446,1,SAI,55,3343.8125
0 days 00:00:08.900000,31.649722222222223,1,SAI,55,3343.8125
0 days 00:00:09.060000,33.20527777777778,1,SAI,55,3343.8125
0 days 00:00:09.380000,36.316388888888895,1,SAI,55,3343.8125
0 days 00:00:09.580000,38.20527777777778,1,SAI,55,3343.8125
0 days 00:00:09.981000,41.9925,1,SAI,55,3343.8125
0 days 00:00:10.380000,45.760833333333345,1,SAI,55,3343.8125
0 days 00:00:10.580000,47.59416666666667,1,SAI,55,3343.8125
0 days 00:00:10.900000,50.52750000000001,1,SAI,55,3343.8125
0 days 00:00:11.140000,52.72750000000001,1,SAI,55,3343.8125
0 days 00:00:11.381000,54.936666666666675,1,SAI,55,3343.8125
0 days 00:00:11.701000,57.78111111111112,1,SAI,55,3343.8125
0 days 00:00:12.100000,61.32777777777778,1,SAI,55,3343.8125
0 days 00:00:12.461000,64.53666666666668,1,SAI,55,3343.8125
0 days 00:00:12.781000,67.29222222222224,1,SAI,55,3343.8125
0 days 00:00:13.061000,69.70333333333335,1,SAI,55,3343.8125
0 days 00:00:13.381000,72.45888888888891,1,SAI,55,3343.8125
0 days 00:00:13.621000,74.52555555555557,1,SAI,55,3343.8125
0 days 00:00:13.861000,76.52555555555557,1,SAI,55,3343.8125
0 days 00:00:14.141000,78.8588888888889,1,SAI,55,3343.8125
0 days 00:00:14.381000,80.8588888888889,1,SAI,55,3343.8125
0 days 00:00:14.541000,82.19222222222223,1,SAI,55,3343.8125
0 days 00:00:14.701000,83.52555555555556,1,SAI,55,3343.8125
0 days 00:00:14.941000,85.52555555555556,1,SAI,55,3343.8125
0 days 00:00:15.261000,88.19222222222221,1,SAI,55,3343.8125
0 days 00:00:15.580000,90.85055555555556,1,SAI,55,3343.8125
0 days 00:00:15.900000,93.60611111111112,1,SAI,55,3343.8125
0 days 00:00:16.220000,96.45055555555555,1,SAI,55,3343.8125
0 days 00:00:16.420000,98.5616666666667,1,SAI,55,3343.8125
0 days 00:00:16.620000,100.89500000000002,1,SAI,55,3343.8125
0 days 00:00:16.780000,102.89500000000002,1,SAI,55,3343.8125
0 days 00:00:17.021000,106.10833333333335,1,SAI,55,3343.8125
0 days 00:00:17.260000,109.49416666666669,1,SAI,55,3343.8125
0 days 00:00:17.540000,113.92749999999998,1,SAI,55,3343.8125
0 days 00:00:17.820000,118.67194444444445,1,SAI,55,3343.8125
0 days 00:00:18.181000,125.69138888888891,1,SAI,55,3343.8125
0 days 00:00:18.541000,133.2913888888889,1,SAI,55,3343.8125
0 days 00:00:18.701000,136.93583333333333,1,SAI,55,3343.8125
0 days 00:00:18.901000,141.76916666666665,1,SAI,55,3343.8125
0 days 00:00:19.181000,148.6136111111111,1,SAI,55,3343.8125
0 days 00:00:19.461000,156.15805555555548,1,SAI,55,3343.8125
0 days 00:00:19.861000,167.7136111111111,1,SAI,55,3343.8125
0 days 00:00:20.181000,176.24694444444444,1,SAI,55,3343.8125
0 days 00:00:20.541000,185.64694444444442,1,SAI,55,3343.8125
0 days 00:00:20.781000,191.44694444444437,1,SAI,55,3343.8125
0 days 00:00:21.061000,198.21361111111105,1,SAI,55,3343.8125
0 days 00:00:21.221000,201.9469444444444,1,SAI,55,3343.8125
0 days 00:00:21.381000,205.59138888888884,1,SAI,55,3343.8125
0 days 00:00:21.741000,212.89138888888883,1,SAI,55,3343.8125
0 days 00:00:22.101000,219.59138888888882,1,SAI,55,3343.8125
0 days 00:00:22.340000,223.70749999999992,1,SAI,55,3343.8125
0 days 00:00:22.540000,226.9852777777777,1,SAI,55,3343.8125
0 days 00:00:22.940000,233.09638888888884,1,SAI,55,3343.8125
0 days 00:00:23.220000,237.14083333333326,1,SAI,55,3343.8125
0 days 00:00:23.620000,242.91861111111106,1,SAI,55,3343.8125
0 days 00:00:24.020000,248.80749999999992,1,SAI,55,3343.8125
0 days 00:00:24.381000,254.12222222222215,1,SAI,55,3343.8125
0 days 00:00:24.860000,261.04111111111104,1,SAI,55,3343.8125
0 days 00:00:25.020000,263.3077777777777,1,SAI,55,3343.8125
0 days 00:00:25.301000,267.21055555555546,1,SAI,55,3343.8125
0 days 00:00:25.581000,271.0994444444444,1,SAI,55,3343.8125
0 days 00:00:25.861000,274.9883333333333,1,SAI,55,3343.8125
0 days 00:00:26.141000,278.9549999999999,1,SAI,55,3343.8125
0 days 00:00:26.381000,282.4883333333333,1,SAI,55,3343.8125
0 days 00:00:26.661000,286.76611111111106,1,SAI,55,3343.8125
0 days 00:00:27.141000,294.766111111111,1,SAI,55,3343.8125
0 days 00:00:27.301000,297.52166666666653,1,SAI,55,3343.8125
0 days 00:00:27.461000,300.36611111111097,1,SAI,55,3343.8125
0 days 00:00:27.661000,304.08833333333325,1,SAI,55,3343.8125
0 days 00:00:27.821000,307.28833333333324,1,SAI,55,3343.8125
0 days 00:00:28.181000,315.08833333333325,1,SAI,55,3343.8125
0 days 00:00:28.501000,322.46611111111105,1,SAI,55,3343.8125
0 days 00:00:28.701000,327.2438888888888,1,SAI,55,3343.8125
0 days 00:00:28.860000,331.1305555555555,1,SAI,55,3343.8125
0 days 00:00:29.060000,336.1305555555555,1,SAI,55,3343.8125
0 days 00:00:29.380000,345.19722222222214,1,SAI,55,3343.8125
0 days 00:00:29.700000,354.9749999999999,1,SAI,55,3343.8125
0 days 00:00:30.020000,365.28611111111104,1,SAI,55,3343.8125
0 days 00:00:30.420000,379.5083333333333,1,SAI,55,3343.8125
0 days 00:00:30.701000,389.8897222222222,1,SAI,55,3343.8125
0 days 00:00:31.100000,405.8497222222222,1,SAI,55,3343.8125
0 days 00:00:31.540000,424.67194444444436,1,SAI,55,3343.8125
0 days 00:00:31.700000,431.87194444444435,1,SAI,55,3343.8125
0 days 00:00:31.901000,440.9727777777777,1,SAI,55,3343.8125
0 days 00:00:32.061000,448.2616666666666,1,SAI,55,3343.8125
0 days 00:00:32.221000,455.5061111111109,1,SAI,55,3343.8125
0 days 00:00:32.501000,468.0283333333332,1,SAI,55,3343.8125
0 days 00:00:32.701000,476.8061111111111,1,SAI,55,3343.8125
0 days 00:00:32.981000,488.8616666666667,1,SAI,55,3343.8125
0 days 00:00:33.381000,505.7505555555555,1,SAI,55,3343.8125
0 days 00:00:33.581000,514.0283333333334,1,SAI,55,3343.8125
0 days 00:00:33.781000,522.1949999999999,1,SAI,55,3343.8125
0 days 00:00:34.101000,535.0838888888889,1,SAI,55,3343.8125
0 days 00:00:34.261000,541.5283333333334,1,SAI,55,3343.8125
0 days 00:00:34.541000,552.8061111111109,1,SAI,55,3343.8125
0 days 00:00:34.741000,560.9172222222221,1,SAI,55,3343.8125
0 days 00:00:35.061000,573.9838888888888,1,SAI,55,3343.8125
0 days 00:00:35.261000,582.2616666666668,1,SAI,55,3343.8125
0 days 00:00:35.660000,598.5541666666666,1,SAI,55,3343.8125
0 days 00:00:35.940000,609.8319444444444,1,SAI,55,3343.8125
0 days 00:00:36.260000,622.6319444444443,1,SAI,55,3343.8125
0 days 00:00:36.740000,640.0986111111112,1,SAI,55,3343.8125
0 days 00:00:37.100000,651.9986111111111,1,SAI,55,3343.8125
0 days 00:00:37.340000,659.6652777777779,1,SAI,55,3343.8125
0 days 00:00:37.740000,671.776388888889,1,SAI,55,3343.8125
0 days 00:00:38.420000,692.7430555555557,1,SAI,55,3343.8125
0 days 00:00:38.621000,698.493888888889,1,SAI,55,3343.8125
0 days 00:00:39.061000,710.2272222222223,1,SAI,55,3343.8125
0 days 00:00:39.421000,719.3272222222223,1,SAI,55,3343.8125
0 days 00:00:39.661000,725.3272222222223,1,SAI,55,3343.8125
0 days 00:00:39.941000,731.9383333333334,1,SAI,55,3343.8125
0 days 00:00:40.141000,736.6049999999999,1,SAI,55,3343.8125
0 days 00:00:40.501000,745.2049999999999,1,SAI,55,3343.8125
0 days 00:00:40.701000,749.9827777777778,1,SAI,55,3343.8125
0 days 00:00:40.901000,754.705,1,SAI,55,3343.8125
0 days 00:00:41.141000,760.2383333333332,1,SAI,55,3343.8125
0 days 00:00:41.421000,766.6161111111111,1,SAI,55,3343.8125
0 days 00:00:41.661000,772.0827777777778,1,SAI,55,3343.8125
0 days 00:00:42.021000,780.5827777777778,1,SAI,55,3343.8125
0 days 00:00:42.460000,791.07,1,SAI,55,3343.8125
0 days 00:00:42.620000,794.8477777777778,1,SAI,55,3343.8125
0 days 00:00:42.780000,798.5811111111112,1,SAI,55,3343.8125
0 days 00:00:43.140000,806.9811111111112,1,SAI,55,3343.8125
0 days 00:00:43.420000,813.5922222222223,1,SAI,55,3343.8125
0 days 00:00:43.740000,821.1477777777778,1,SAI,55,3343.8125
0 days 00:00:44.020000,827.6811111111112,1,SAI,55,3343.8125
0 days 00:00:44.220000,832.3477777777778,1,SAI,55,3343.8125
0 days 00:00:44.501000,838.9044444444444,1,SAI,55,3343.8125
0 days 00:00:44.781000,845.36,1,SAI,55,3343.8125
0 days 00:00:44.980000,849.8375,1,SAI,55,3343.8125
0 days 00:00:45.261000,856.0819444444445,1,SAI,55,3343.8125
0 days 00:00:45.501000,861.2152777777777,1,SAI,55,3343.8125
0 days 00:00:45.781000,866.7375,1,SAI,55,3343.8125
0 days 00:00:46.261000,875.4041666666667,1,SAI,55,3343.8125
0 days 00:00:46.421000,878.1152777777778,1,SAI,55,3343.8125
0 days 00:00:46.781000,883.6152777777778,1,SAI,55,3343.8125
0 days 00:00:46.981000,886.6708333333333,1,SAI,55,3343.8125
0 days 00:00:47.141000,889.2041666666667,1,SAI,55,3343.8125
0 days 00:00:47.341000,892.5375,1,SAI,55,3343.8125
0 days 00:00:47.661000,898.4041666666667,1,SAI,55,3343.8125
0 days 00:00:47.821000,901.5597222222221,1,SAI,55,3343.8125
0 days 00:00:48.101000,907.2375,1,SAI,55,3343.8125
0 days 00:00:48.341000,911.9041666666667,1,SAI,55,3343.8125
0 days 00:00:48.541000,915.6819444444444,1,SAI,55,3343.8125
0 days 00:00:48.781000,920.1486111111111,1,SAI,55,3343.8125
0 days 00:00:49.020000,924.6630555555556,1,SAI,55,3343.8125
0 days 00:00:49.340000,930.7075000000001,1,SAI,55,3343.8125
0 days 00:00:49.781000,939.0375,1,SAI,55,3343.8125
0 days 00:00:49.980000,942.7963888888888,1,SAI,55,3343.8125
0 days 00:00:50.420000,951.1075000000001,1,SAI,55,3343.8125
0 days 00:00:50.820000,958.5519444444445,1,SAI,55,3343.8125
0 days 00:00:51.060000,962.7519444444446,1,SAI,55,3343.8125
0 days 00:00:51.220000,965.4186111111112,1,SAI,55,3343.8125
0 days 00:00:51.501000,969.9458333333334,1,SAI,55,3343.8125
0 days 00:00:51.821000,975.101388888889,1,SAI,55,3343.8125
0 days 00:00:51.981000,977.5902777777779,1,SAI,55,3343.8125
0 days 00:00:52.141000,979.9902777777779,1,SAI,55,3343.8125
0 days 00:00:52.381000,983.3236111111113,1,SAI,55,3343.8125
0 days 00:00:52.621000,986.790277777778,1,SAI,55,3343.8125
0 days 00:00:52.981000,992.790277777778,1,SAI,55,3343.8125
0 days 00:00:53.141000,995.4125000000001,1,SAI,55,3343.8125
0 days 00:00:53.581000,1002.5013888888891,1,SAI,55,3343.8125
0 days 00:00:53.861000,1007.401388888889,1,SAI,55,3343.8125
0 days 00:00:54.221000,1014.8013888888889,1,SAI,55,3343.8125
0 days 00:00:54.621000,1024.0236111111112,1,SAI,55,3343.8125
0 days 00:00:54.781000,1028.0236111111112,1,SAI,55,3343.8125
0 days 00:00:55.061000,1035.2569444444446,1,SAI,55,3343.8125
0 days 00:00:55.461000,1046.3680555555557,1,SAI,55,3343.8125
0 days 00:00:55.900000,1059.903888888889,1,SAI,55,3343.8125
0 days 00:00:56.180000,1069.081666666667,1,SAI,55,3343.8125
0 days 00:00:56.420000,1077.0150000000003,1,SAI,55,3343.8125
0 days 00:00:56.660000,1084.6816666666668,1,SAI,55,3343.8125
0 days 00:00:56.860000,1090.8483333333336,1,SAI,55,3343.8125
0 days 00:00:57.260000,1101.8483333333336,1,SAI,55,3343.8125
0 days 00:00:57.420000,1105.981666666667,1,SAI,55,3343.8125
0 days 00:00:57.701000,1112.9286111111114,1,SAI,55,3343.8125
0 days 00:00:58.101000,1122.1508333333336,1,SAI,55,3343.8125
0 days 00:00:58.501000,1131.1508333333336,1,SAI,55,3343.8125
0 days 00:00:58.701000,1135.3175000000003,1,SAI,55,3343.8125
0 days 00:00:59.181000,1144.2508333333335,1,SAI,55,3343.8125
0 days 00:00:59.461000,1149.1508333333336,1,SAI,55,3343.8125
0 days 00:00:59.781000,1154.4841666666669,1,SAI,55,3343.8125
0 days 00:01:00.061000,1158.9175000000002,1,SAI,55,3343.8125
0 days 00:01:00.341000,1163.2730555555559,1,SAI,55,3343.8125
0 days 00:01:00.621000,1167.6286111111115,1,SAI,55,3343.8125
0 days 00:01:00.901000,1172.0619444444449,1,SAI,55,3343.8125
0 days 00:01:01.301000,1178.5063888888892,1,SAI,55,3343.8125
0 days 00:01:01.701000,1185.284166666667,1,SAI,55,3343.8125
0 days 00:01:01.861000,1188.0397222222225,1,SAI,55,3343.8125
0 days 00:01:02.181000,1193.7286111111114,1,SAI,55,3343.8125
0 days 00:01:02.500000,1199.5769444444447,1,SAI,55,3343.8125
0 days 00:01:02.860000,1206.8769444444447,1,SAI,55,3343.8125
0 days 00:01:03.180000,1214.2547222222224,1,SAI,55,3343.8125
0 days 00:01:03.500000,1222.3436111111114,1,SAI,55,3343.8125
0 days 00:01:03.740000,1228.410277777778,1,SAI,55,3343.8125
0 days 00:01:03.940000,1233.2991666666667,1,SAI,55,3343.8125
0 days 00:01:04.300000,1241.0991666666666,1,SAI,55,3343.8125
0 days 00:01:04.660000,1248.0991666666666,1,SAI,55,3343.8125
0 days 00:01:04.941000,1253.2508333333335,1,SAI,55,3343.8125
0 days 00:01:05.101000,1256.006388888889,1,SAI,55,3343.8125
0 days 00:01:05.341000,1259.8730555555555,1,SAI,55,3343.8125
0 days 00:01:05.621000,1263.7619444444445,1,SAI,55,3343.8125
0 days 00:01:05.781000,1265.7619444444447,1,SAI,55,3343.8125
0 days 00:01:06.061000,1269.0286111111113,1,SAI,55,3343.8125
0 days 00:01:06.301000,1271.7619444444447,1,SAI,55,3343.8125
0 days 00:01:06.541000,1274.6286111111112,1,SAI,55,3343.8125
0 days 00:01:06.941000,1279.184166666667,1,SAI,55,3343.8125
0 days 00:01:07.301000,1282.9841666666669,1,SAI,55,3343.8125
0 days 00:01:07.541000,1285.4508333333335,1,SAI,55,3343.8125
0 days 00:01:07.701000,1287.0508333333335,1,SAI,55,3343.8125
0 days 00:01:07.861000,1288.6063888888891,1,SAI,55,3343.8125
0 days 00:01:08.101000,1290.9397222222224,1,SAI,55,3343.8125
0 days 00:01:08.261000,1292.4952777777778,1,SAI,55,3343.8125
0 days 00:01:08.581000,1295.5175000000002,1,SAI,55,3343.8125
0 days 00:01:08.861000,1298.0841666666668,1,SAI,55,3343.8125
0 days 00:01:09.061000,1299.8619444444446,1,SAI,55,3343.8125
0 days 00:01:09.380000,1302.608888888889,1,SAI,55,3343.8125
0 days 00:01:09.620000,1304.6755555555558,1,SAI,55,3343.8125
0 days 00:01:09.820000,1306.397777777778,1,SAI,55,3343.8125
0 days 00:01:10.140000,1309.1533333333336,1,SAI,55,3343.8125
0 days 00:01:10.340000,1310.9311111111115,1,SAI,55,3343.8125
0 days 00:01:10.620000,1313.5755555555559,1,SAI,55,3343.8125
0 days 00:01:10.860000,1315.9088888888891,1,SAI,55,3343.8125
0 days 00:01:11.181000,1319.7430555555557,1,SAI,55,3343.8125
0 days 00:01:11.420000,1322.7969444444445,1,SAI,55,3343.8125
0 days 00:01:11.701000,1326.6997222222221,1,SAI,55,3343.8125
0 days 00:01:11.981000,1331.1330555555555,1,SAI,55,3343.8125
0 days 00:01:12.181000,1334.5219444444444,1,SAI,55,3343.8125
0 days 00:01:12.501000,1340.0330555555556,1,SAI,55,3343.8125
0 days 00:01:12.861000,1345.6330555555555,1,SAI,55,3343.8125
0 days 00:01:13.021000,1347.9441666666667,1,SAI,55,3343.8125
0 days 00:01:13.301000,1351.5219444444444,1,SAI,55,3343.8125
0 days 00:01:13.461000,1353.5219444444444,1,SAI,55,3343.8125
0 days 00:01:13.701000,1356.3219444444444,1,SAI,55,3343.8125
0 days 00:01:14.021000,1360.0552777777777,1,SAI,55,3343.8125
0 days 00:01:14.261000,1362.9219444444443,1,SAI,55,3343.8125
0 days 00:01:14.541000,1366.5774999999999,1,SAI,55,3343.8125
0 days 00:01:14.741000,1369.299722222222,1,SAI,55,3343.8125
0 days 00:01:15.021000,1373.0330555555554,1,SAI,55,3343.8125
0 days 00:01:15.261000,1376.1663888888886,1,SAI,55,3343.8125
0 days 00:01:15.661000,1381.1663888888886,1,SAI,55,3343.8125
0 days 00:01:15.820000,1383.0213888888884,1,SAI,55,3343.8125
0 days 00:01:16.100000,1386.1324999999995,1,SAI,55,3343.8125
0 days 00:01:16.260000,1387.9991666666663,1,SAI,55,3343.8125
0 days 00:01:16.500000,1391.265833333333,1,SAI,55,3343.8125
0 days 00:01:16.740000,1394.7991666666662,1,SAI,55,3343.8125
0 days 00:01:17.140000,1401.6880555555551,1,SAI,55,3343.8125
0 days 00:01:17.340000,1405.4102777777773,1,SAI,55,3343.8125
0 days 00:01:17.501000,1408.4961111111106,1,SAI,55,3343.8125
0 days 00:01:17.940000,1416.910277777777,1,SAI,55,3343.8125
0 days 00:01:18.181000,1421.0608333333325,1,SAI,55,3343.8125
0 days 00:01:18.461000,1425.4163888888882,1,SAI,55,3343.8125
0 days 00:01:18.661000,1428.194166666666,1,SAI,55,3343.8125
0 days 00:01:18.901000,1431.5274999999992,1,SAI,55,3343.8125
0 days 00:01:19.101000,1434.4163888888882,1,SAI,55,3343.8125
0 days 00:01:19.341000,1438.0830555555547,1,SAI,55,3343.8125
0 days 00:01:19.581000,1441.5497222222214,1,SAI,55,3343.8125
0 days 00:01:19.901000,1446.3497222222213,1,SAI,55,3343.8125
0 days 00:01:20.141000,1449.9497222222215,1,SAI,55,3343.8125
0 days 00:01:20.301000,1452.3497222222213,1,SAI,55,3343.8125
0 days 00:01:20.581000,1456.3941666666658,1,SAI,55,3343.8125
0 days 00:01:20.741000,1458.6608333333324,1,SAI,55,3343.8125
0 days 00:01:20.941000,1461.4386111111103,1,SAI,55,3343.8125
0 days 00:01:21.261000,1465.705277777777,1,SAI,55,3343.8125
0 days 00:01:21.541000,1469.6719444444436,1,SAI,55,3343.8125
0 days 00:01:21.901000,1475.1719444444436,1,SAI,55,3343.8125
0 days 00:01:22.261000,1480.6719444444436,1,SAI,55,3343.8125
0 days 00:01:22.540000,1484.6244444444437,1,SAI,55,3343.8125
0 days 00:01:22.740000,1487.5133333333324,1,SAI,55,3343.8125
0 days 00:01:23.181000,1494.8633333333325,1,SAI,55,3343.8125
0 days 00:01:23.420000,1499.1122222222216,1,SAI,55,3343.8125
0 days 00:01:23.740000,1505.067777777777,1,SAI,55,3343.8125
0 days 00:01:24.180000,1514.723333333333,1,SAI,55,3343.8125
0 days 00:01:24.381000,1519.4133333333327,1,SAI,55,3343.8125
0 days 00:01:24.541000,1523.2355555555548,1,SAI,55,3343.8125
0 days 00:01:24.821000,1530.546666666666,1,SAI,55,3343.8125
0 days 00:01:25.301000,1544.2799999999993,1,SAI,55,3343.8125
0 days 00:01:25.501000,1550.446666666666,1,SAI,55,3343.8125
0 days 00:01:25.661000,1555.5133333333326,1,SAI,55,3343.8125
0 days 00:01:26.061000,1569.4022222222218,1,SAI,55,3343.8125
0 days 00:01:26.261000,1576.6244444444435,1,SAI,55,3343.8125
0 days 00:01:26.741000,1595.8244444444435,1,SAI,55,3343.8125
0 days 00:01:27.141000,1613.157777777777,1,SAI,55,3343.8125
0 days 00:01:27.461000,1627.8244444444433,1,SAI,55,3343.8125
0 days 00:01:27.741000,1641.5133333333322,1,SAI,55,3343.8125
0 days 00:01:27.981000,1653.9799999999987,1,SAI,55,3343.8125
0 days 00:01:28.221000,1666.846666666666,1,SAI,55,3343.8125
0 days 00:01:28.581000,1686.6466666666659,1,SAI,55,3343.8125
0 days 00:01:28.781000,1697.5911111111104,1,SAI,55,3343.8125
0 days 00:01:28.981000,1708.4244444444432,1,SAI,55,3343.8125
0 days 00:01:29.220000,1721.5030555555545,1,SAI,55,3343.8125
0 days 00:01:29.420000,1732.5586111111102,1,SAI,55,3343.8125
0 days 00:01:29.580000,1741.4919444444433,1,SAI,55,3343.8125
0 days 00:01:29.740000,1750.4252777777765,1,SAI,55,3343.8125
0 days 00:01:29.980000,1763.8919444444437,1,SAI,55,3343.8125
0 days 00:01:30.260000,1779.525277777777,1,SAI,55,3343.8125
0 days 00:01:30.581000,1797.447777777777,1,SAI,55,3343.8125
0 days 00:01:30.860000,1813.0252777777769,1,SAI,55,3343.8125
0 days 00:01:31.101000,1826.5480555555546,1,SAI,55,3343.8125
0 days 00:01:31.301000,1837.4924999999992,1,SAI,55,3343.8125
0 days 00:01:31.661000,1855.4924999999992,1,SAI,55,3343.8125
0 days 00:01:31.861000,1864.8258333333326,1,SAI,55,3343.8125
0 days 00:01:32.061000,1873.3258333333329,1,SAI,55,3343.8125
0 days 00:01:32.261000,1881.1591666666657,1,SAI,55,3343.8125
0 days 00:01:32.541000,1890.492499999999,1,SAI,55,3343.8125
0 days 00:01:32.741000,1896.5480555555546,1,SAI,55,3343.8125
0 days 00:01:33.101000,1905.0480555555546,1,SAI,55,3343.8125
0 days 00:01:33.341000,1910.581388888888,1,SAI,55,3343.8125
0 days 00:01:33.541000,1915.3591666666657,1,SAI,55,3343.8125
0 days 00:01:33.701000,1919.40361111111,1,SAI,55,3343.8125
0 days 00:01:33.941000,1925.9369444444435,1,SAI,55,3343.8125
0 days 00:01:34.261000,1935.1813888888878,1,SAI,55,3343.8125
0 days 00:01:34.421000,1940.2036111111104,1,SAI,55,3343.8125
0 days 00:01:34.581000,1945.4924999999992,1,SAI,55,3343.8125
0 days 00:01:34.861000,1954.981388888888,1,SAI,55,3343.8125
0 days 00:01:35.101000,1963.714722222221,1,SAI,55,3343.8125
0 days 00:01:35.381000,1973.8258333333322,1,SAI,55,3343.8125
0 days 00:01:35.781000,1986.0480555555546,1,SAI,55,3343.8125
0 days 00:01:36.060000,1993.8755555555545,1,SAI,55,3343.8125
0 days 00:01:36.340000,2000.7977777777767,1,SAI,55,3343.8125
0 days 00:01:36.820000,2011.7311111111098,1,SAI,55,3343.8125
0 days 00:01:37.181000,2020.8563888888877,1,SAI,55,3343.8125
0 days 00:01:37.381000,2026.1897222222212,1,SAI,55,3343.8125
0 days 00:01:37.701000,2035.4341666666655,1,SAI,55,3343.8125
0 days 00:01:37.981000,2043.9897222222212,1,SAI,55,3343.8125
0 days 00:01:38.221000,2050.9230555555546,1,SAI,55,3343.8125
0 days 00:01:38.381000,2055.189722222221,1,SAI,55,3343.8125
0 days 00:01:38.781000,2064.189722222221,1,SAI,55,3343.8125
0 days 00:01:38.981000,2068.411944444443,1,SAI,55,3343.8125
0 days 00:01:39.221000,2073.27861111111,1,SAI,55,3343.8125
0 days 00:01:39.421000,2077.167499999999,1,SAI,55,3343.8125
0 days 00:01:39.621000,2081.056388888888,1,SAI,55,3343.8125
0 days 00:01:39.821000,2084.6119444444435,1,SAI,55,3343.8125
0 days 00:01:40.101000,2089.589722222221,1,SAI,55,3343.8125
0 days 00:01:40.581000,2098.1230555555544,1,SAI,55,3343.8125
0 days 00:01:40.781000,2101.5674999999987,1,SAI,55,3343.8125
0 days 00:01:41.141000,2107.367499999999,1,SAI,55,3343.8125
0 days 00:01:41.421000,2111.8008333333323,1,SAI,55,3343.8125
0 days 00:01:41.581000,2114.2897222222214,1,SAI,55,3343.8125
0 days 00:01:41.821000,2117.8897222222213,1,SAI,55,3343.8125
0 days 00:01:42.021000,2120.7230555555548,1,SAI,55,3343.8125
0 days 00:01:42.341000,2125.07861111111,1,SAI,55,3343.8125
0 days 00:01:42.581000,2127.8119444444437,1,SAI,55,3343.8125
0 days 00:01:42.860000,2130.756944444444,1,SAI,55,3343.8125
0 days 00:01:43.020000,2132.268055555555,1,SAI,55,3343.8125
0 days 00:01:43.420000,2135.712499999999,1,SAI,55,3343.8125
0 days 00:01:43.620000,2137.3791666666657,1,SAI,55,3343.8125
0 days 00:01:44.060000,2141.045833333332,1,SAI,55,3343.8125
0 days 00:01:44.261000,2142.6649999999986,1,SAI,55,3343.8125
0 days 00:01:44.461000,2144.27611111111,1,SAI,55,3343.8125
0 days 00:01:44.621000,2145.5649999999987,1,SAI,55,3343.8125
0 days 00:01:44.861000,2147.498333333332,1,SAI,55,3343.8125
0 days 00:01:45.061000,2149.1094444444434,1,SAI,55,3343.8125
0 days 00:01:45.301000,2151.042777777777,1,SAI,55,3343.8125
0 days 00:01:45.581000,2153.531666666666,1,SAI,55,3343.8125
0 days 00:01:45.821000,2155.8649999999993,1,SAI,55,3343.8125
0 days 00:01:46.261000,2160.509444444444,1,SAI,55,3343.8125
0 days 00:01:46.581000,2164.3316666666665,1,SAI,55,3343.8125
0 days 00:01:46.941000,2168.8316666666665,1,SAI,55,3343.8125
0 days 00:01:47.261000,2172.9205555555554,1,SAI,55,3343.8125
0 days 00:01:47.461000,2175.5316666666668,1,SAI,55,3343.8125
0 days 00:01:47.621000,2177.798333333333,1,SAI,55,3343.8125
0 days 00:01:47.781000,2180.287222222222,1,SAI,55,3343.8125
0 days 00:01:47.981000,2183.676111111111,1,SAI,55,3343.8125
0 days 00:01:48.341000,2190.576111111111,1,SAI,55,3343.8125
0 days 00:01:48.741000,2199.465,1,SAI,55,3343.8125
0 days 00:01:49.181000,2210.831666666667,1,SAI,55,3343.8125
0 days 00:01:49.380000,2216.304166666667,1,SAI,55,3343.8125
0 days 00:01:50.340000,2249.6375000000003,1,SAI,55,3343.8125
0 days 00:01:50.620000,2259.826388888889,1,SAI,55,3343.8125
0 days 00:01:50.781000,2266.176944444445,1,SAI,55,3343.8125
0 days 00:01:50.981000,2274.4547222222222,1,SAI,55,3343.8125
0 days 00:01:51.221000,2284.854722222223,1,SAI,55,3343.8125
0 days 00:01:51.661000,2303.676944444445,1,SAI,55,3343.8125
0 days 00:01:51.941000,2314.876944444445,1,SAI,55,3343.8125
0 days 00:01:52.261000,2327.0547222222226,1,SAI,55,3343.8125
0 days 00:01:52.661000,2340.9436111111117,1,SAI,55,3343.8125
0 days 00:01:52.861000,2347.7769444444452,1,SAI,55,3343.8125
0 days 00:01:53.061000,2354.1102777777787,1,SAI,55,3343.8125
0 days 00:01:53.301000,2361.5102777777784,1,SAI,55,3343.8125
0 days 00:01:53.581000,2369.3658333333337,1,SAI,55,3343.8125
0 days 00:01:53.821000,2375.8325000000004,1,SAI,55,3343.8125
0 days 00:01:54.021000,2381.165833333334,1,SAI,55,3343.8125
0 days 00:01:54.261000,2387.499166666667,1,SAI,55,3343.8125
0 days 00:01:54.501000,2393.765833333334,1,SAI,55,3343.8125
0 days 00:01:54.741000,2400.0325000000003,1,SAI,55,3343.8125
0 days 00:01:54.981000,2406.2991666666667,1,SAI,55,3343.8125
0 days 00:01:55.141000,2410.4325000000003,1,SAI,55,3343.8125
0 days 00:01:55.381000,2416.6991666666668,1,SAI,55,3343.8125
0 days 00:01:55.581000,2421.921388888889,1,SAI,55,3343.8125
0 days 00:01:55.741000,2426.0991666666664,1,SAI,55,3343.8125
0 days 00:01:56.021000,2433.8769444444442,1,SAI,55,3343.8125
0 days 00:01:56.220000,2439.4599999999996,1,SAI,55,3343.8125
0 days 00:01:56.420000,2445.2377777777774,1,SAI,55,3343.8125
0 days 00:01:56.660000,2452.3711111111106,1,SAI,55,3343.8125
0 days 00:01:56.940000,2461.004444444444,1,SAI,55,3343.8125
0 days 00:01:57.341000,2473.702777777777,1,SAI,55,3343.8125
0 days 00:01:57.661000,2483.9249999999997,1,SAI,55,3343.8125
0 days 00:01:57.941000,2493.0249999999996,1,SAI,55,3343.8125
0 days 00:01:58.101000,2498.3138888888884,1,SAI,55,3343.8125
0 days 00:01:58.461000,2510.2138888888885,1,SAI,55,3343.8125
0 days 00:01:58.741000,2519.0805555555553,1,SAI,55,3343.8125
0 days 00:01:58.941000,2525.3027777777775,1,SAI,55,3343.8125
0 days 00:01:59.141000,2531.413888888889,1,SAI,55,3343.8125
0 days 00:01:59.381000,2538.747222222222,1,SAI,55,3343.8125
0 days 00:01:59.541000,2543.6361111111105,1,SAI,55,3343.8125
0 days 00:01:59.821000,2552.191666666666,1,SAI,55,3343.8125
0 days 00:02:00.261000,2565.5138888888882,1,SAI,55,3343.8125
0 days 00:02:00.541000,2574.1472222222214,1,SAI,55,3343.8125
0 days 00:02:00.821000,2582.8583333333327,1,SAI,55,3343.8125
0 days 00:02:01.021000,2589.1361111111105,1,SAI,55,3343.8125
0 days 00:02:01.501000,2604.3361111111108,1,SAI,55,3343.8125
0 days 00:02:01.901000,2617.5583333333325,1,SAI,55,3343.8125
0 days 00:02:02.101000,2624.002777777777,1,SAI,55,3343.8125
0 days 00:02:02.301000,2630.002777777777,1,SAI,55,3343.8125
0 days 00:02:02.621000,2638.624999999999,1,SAI,55,3343.8125
0 days 00:02:02.860000,2644.599999999999,1,SAI,55,3343.8125
0 days 00:02:03.060000,2649.4333333333325,1,SAI,55,3343.8125
0 days 00:02:03.301000,2655.3244444444435,1,SAI,55,3343.8125
0 days 00:02:03.540000,2661.564999999999,1,SAI,55,3343.8125
0 days 00:02:03.821000,2669.292499999999,1,SAI,55,3343.8125
0 days 00:02:04.021000,2674.4036111111104,1,SAI,55,3343.8125
0 days 00:02:04.341000,2681.6036111111102,1,SAI,55,3343.8125
0 days 00:02:04.621000,2687.3591666666657,1,SAI,55,3343.8125
0 days 00:02:04.901000,2693.192499999999,1,SAI,55,3343.8125
0 days 00:02:05.101000,2697.3591666666657,1,SAI,55,3343.8125
0 days 00:02:05.541000,2706.1591666666654,1,SAI,55,3343.8125
0 days 00:02:05.861000,2712.4702777777766,1,SAI,55,3343.8125
0 days 00:02:06.141000,2717.914722222221,1,SAI,55,3343.8125
0 days 00:02:06.341000,2721.748055555554,1,SAI,55,3343.8125
0 days 00:02:06.621000,2727.0369444444427,1,SAI,55,3343.8125
0 days 00:02:06.941000,2732.9036111111095,1,SAI,55,3343.8125
0 days 00:02:07.141000,2736.514722222221,1,SAI,55,3343.8125
0 days 00:02:07.461000,2742.025833333332,1,SAI,55,3343.8125
0 days 00:02:07.621000,2744.7813888888872,1,SAI,55,3343.8125
0 days 00:02:07.781000,2747.4924999999985,1,SAI,55,3343.8125
0 days 00:02:07.941000,2750.2036111111097,1,SAI,55,3343.8125
0 days 00:02:08.181000,2754.40361111111,1,SAI,55,3343.8125
0 days 00:02:08.421000,2758.6702777777764,1,SAI,55,3343.8125
0 days 00:02:08.701000,2763.8036111111096,1,SAI,55,3343.8125
0 days 00:02:08.941000,2768.336944444443,1,SAI,55,3343.8125
0 days 00:02:09.141000,2772.2258333333316,1,SAI,55,3343.8125
0 days 00:02:09.301000,2775.559166666665,1,SAI,55,3343.8125
0 days 00:02:09.701000,2784.8924999999986,1,SAI,55,3343.8125
0 days 00:02:09.860000,2788.734999999999,1,SAI,55,3343.8125
0 days 00:02:10.140000,2796.0461111111094,1,SAI,55,3343.8125
0 days 00:02:10.501000,2806.474999999999,1,SAI,55,3343.8125
0 days 00:02:10.821000,2815.98611111111,1,SAI,55,3343.8125
0 days 00:02:11.101000,2823.297222222221,1,SAI,55,3343.8125
0 days 00:02:11.261000,2827.297222222221,1,SAI,55,3343.8125
0 days 00:02:11.461000,2831.9083333333324,1,SAI,55,3343.8125
0 days 00:02:11.781000,2838.3083333333325,1,SAI,55,3343.8125
0 days 00:02:12.101000,2844.0861111111103,1,SAI,55,3343.8125
0 days 00:02:12.461000,2849.9861111111104,1,SAI,55,3343.8125
0 days 00:02:12.621000,2852.4305555555547,1,SAI,55,3343.8125
0 days 00:02:12.981000,2858.2305555555545,1,SAI,55,3343.8125
0 days 00:02:13.141000,2860.897222222221,1,SAI,55,3343.8125
0 days 00:02:13.381000,2865.2305555555545,1,SAI,55,3343.8125
0 days 00:02:13.621000,2869.697222222221,1,SAI,55,3343.8125
0 days 00:02:13.821000,2873.808333333332,1,SAI,55,3343.8125
0 days 00:02:14.061000,2879.0083333333323,1,SAI,55,3343.8125
0 days 00:02:14.221000,2882.7416666666654,1,SAI,55,3343.8125
0 days 00:02:14.461000,2888.0083333333323,1,SAI,55,3343.8125
0 days 00:02:14.741000,2893.297222222221,1,SAI,55,3343.8125
0 days 00:02:15.141000,2899.408333333332,1,SAI,55,3343.8125
0 days 00:02:15.541000,2905.408333333332,1,SAI,55,3343.8125
0 days 00:02:15.781000,2908.8749999999986,1,SAI,55,3343.8125
0 days 00:02:15.982000,2911.7224999999985,1,SAI,55,3343.8125
0 days 00:02:16.381000,2916.820833333332,1,SAI,55,3343.8125
0 days 00:02:16.740000,2921.1088888888876,1,SAI,55,3343.8125
0 days 00:02:16.940000,2923.4422222222206,1,SAI,55,3343.8125
0 days 00:02:17.140000,2925.8311111111093,1,SAI,55,3343.8125
0 days 00:02:17.461000,2929.6652777777763,1,SAI,55,3343.8125
0 days 00:02:17.781000,2933.5763888888873,1,SAI,55,3343.8125
0 days 00:02:18.061000,2936.9208333333318,1,SAI,55,3343.8125
0 days 00:02:18.501000,2942.1763888888872,1,SAI,55,3343.8125
0 days 00:02:18.661000,2944.0874999999983,1,SAI,55,3343.8125
0 days 00:02:18.941000,2947.5097222222207,1,SAI,55,3343.8125
0 days 00:02:19.101000,2949.643055555554,1,SAI,55,3343.8125
0 days 00:02:19.261000,2951.820833333332,1,SAI,55,3343.8125
0 days 00:02:19.421000,2954.043055555554,1,SAI,55,3343.8125
0 days 00:02:19.701000,2958.0874999999983,1,SAI,55,3343.8125
0 days 00:02:19.901000,2961.143055555554,1,SAI,55,3343.8125
0 days 00:02:20.141000,2965.0097222222203,1,SAI,55,3343.8125
0 days 00:02:20.301000,2967.7652777777757,1,SAI,55,3343.8125
0 days 00:02:20.621000,2973.631944444443,1,SAI,55,3343.8125
0 days 00:02:20.821000,2977.5208333333317,1,SAI,55,3343.8125
0 days 00:02:20.981000,2980.8097222222204,1,SAI,55,3343.8125
0 days 00:02:21.261000,2986.331944444443,1,SAI,55,3343.8125
0 days 00:02:21.661000,2992.9986111111098,1,SAI,55,3343.8125
0 days 00:02:22.101000,2999.231944444443,1,SAI,55,3343.8125
0 days 00:02:22.301000,3002.1208333333316,1,SAI,55,3343.8125
0 days 00:02:22.461000,3004.431944444443,1,SAI,55,3343.8125
0 days 00:02:22.621000,3006.6541666666653,1,SAI,55,3343.8125
0 days 00:02:22.980000,3011.4408333333317,1,SAI,55,3343.8125
0 days 00:02:23.260000,3015.0186111111097,1,SAI,55,3343.8125
0 days 00:02:23.540000,3018.6741666666653,1,SAI,55,3343.8125
0 days 00:02:24.021000,3025.354722222221,1,SAI,55,3343.8125
0 days 00:02:24.181000,3027.5769444444436,1,SAI,55,3343.8125
0 days 00:02:24.421000,3031.1769444444435,1,SAI,55,3343.8125
0 days 00:02:24.621000,3034.454722222222,1,SAI,55,3343.8125
0 days 00:02:24.781000,3037.299166666666,1,SAI,55,3343.8125
0 days 00:02:25.061000,3042.665833333333,1,SAI,55,3343.8125
0 days 00:02:25.261000,3046.776944444444,1,SAI,55,3343.8125
0 days 00:02:25.501000,3051.776944444444,1,SAI,55,3343.8125
0 days 00:02:25.701000,3055.8880555555547,1,SAI,55,3343.8125
0 days 00:02:26.061000,3062.388055555555,1,SAI,55,3343.8125
0 days 00:02:26.301000,3066.6547222222216,1,SAI,55,3343.8125
0 days 00:02:26.581000,3071.9436111111104,1,SAI,55,3343.8125
0 days 00:02:26.821000,3076.876944444444,1,SAI,55,3343.8125
0 days 00:02:27.141000,3084.0769444444436,1,SAI,55,3343.8125
0 days 00:02:27.541000,3094.188055555555,1,SAI,55,3343.8125
0 days 00:02:28.021000,3108.321388888888,1,SAI,55,3343.8125
0 days 00:02:28.261000,3115.588055555555,1,SAI,55,3343.8125
0 days 00:02:28.541000,3124.376944444444,1,SAI,55,3343.8125
0 days 00:02:28.701000,3129.6658333333326,1,SAI,55,3343.8125
0 days 00:02:28.941000,3137.9324999999994,1,SAI,55,3343.8125
0 days 00:02:29.261000,3149.310277777777,1,SAI,55,3343.8125
0 days 00:02:29.461000,3156.6991666666668,1,SAI,55,3343.8125
0 days 00:02:29.860000,3172.326666666667,1,SAI,55,3343.8125
0 days 00:02:30.181000,3185.6125,1,SAI,55,3343.8125
0 days 00:02:30.461000,3197.5125000000003,1,SAI,55,3343.8125
0 days 00:02:30.661000,3206.234722222222,1,SAI,55,3343.8125
0 days 00:02:30.821000,3213.3013888888886,1,SAI,55,3343.8125
0 days 00:02:31.141000,3228.2347222222215,1,SAI,55,3343.8125
0 days 00:02:31.301000,3235.9236111111104,1,SAI,55,3343.8125
0 days 00:02:31.501000,3245.479166666667,1,SAI,55,3343.8125
0 days 00:02:31.861000,3261.1791666666663,1,SAI,55,3343.8125
0 days 00:02:32.141000,3272.845833333333,1,SAI,55,3343.8125
0 days 00:02:32.541000,3290.0680555555555,1,SAI,55,3343.8125
0 days 00:02:32.701000,3296.868055555555,1,SAI,55,3343.8125
0 days 00:02:32.941000,3306.7347222222224,1,SAI,55,3343.8125
0 days 00:02:33.221000,3318.5569444444445,1,SAI,55,3343.8125
0 days 00:02:33.421000,3326.834722222222,1,SAI,55,3343.8125
0 days 00:02:33.581000,3333.6347222222216,1,SAI,55,3343.8125
0 days 00:02:33.781000,3342.1347222222225,1,SAI,55,3343.8125
0 days 00:02:33.821000,3343.8125,1,SAI,55,3343.8125
