Date,RPM,Speed,nGear,Throttle,Brake,DRS,Source,Time,SessionTime
2022-05-29 14:07:34.288,9308,149,4,73,True,1,car,0 days 00:00:00.240000,0 days 02:06:34.267000
2022-05-29 14:07:34.448,9469,153,4,68,True,1,car,0 days 00:00:00.400000,0 days 02:06:34.427000
2022-05-29 14:07:34.688,9354,152,4,68,True,1,car,0 days 00:00:00.640000,0 days 02:06:34.667000
2022-05-29 14:07:34.928,9380,149,4,62,True,1,car,0 days 00:00:00.880000,0 days 02:06:34.907000
2022-05-29 14:07:35.088,9241,150,4,60,True,1,car,0 days 00:00:01.040000,0 days 02:06:35.067000
2022-05-29 14:07:35.288,8958,146,4,60,True,1,car,0 days 00:00:01.240000,0 days 02:06:35.267000
2022-05-29 14:07:35.609,8814,143,4,58,True,1,car,0 days 00:00:01.561000,0 days 02:06:35.588000
2022-05-29 14:07:35.808,8436,137,4,43,True,1,car,0 days 00:00:01.760000,0 days 02:06:35.787000
2022-05-29 14:07:36.048,7976,133,4,32,True,1,car,0 days 00:00:02,0 days 02:06:36.027000
2022-05-29 14:07:36.208,8188,131,4,34,True,1,car,0 days 00:00:02.160000,0 days 02:06:36.187000
2022-05-29 14:07:36.567,7518,127,4,8,True,1,car,0 days 00:00:02.519000,0 days 02:06:36.546000
2022-05-29 14:07:36.807,7495,120,4,0,True,1,car,0 days 00:00:02.759000,0 days 02:06:36.786000
2022-05-29 14:07:37.167,7788,117,4,3,True,1,car,0 days 00:00:03.119000,0 days 02:06:37.146000
2022-05-29 14:07:37.368,7975,112,3,0,True,1,car,0 days 00:00:03.320000,0 days 02:06:37.347000
2022-05-29 14:07:37.808,7132,99,3,0,True,1,car,0 days 00:00:03.760000,0 days 02:06:37.787000
2022-05-29 14:07:38.008,6777,95,3,0,True,1,car,0 days 00:00:03.960000,0 days 02:06:37.987000
2022-05-29 14:07:38.408,7128,87,3,0,True,1,car,0 days 00:00:04.360000,0 days 02:06:38.387000
2022-05-29 14:07:38.648,7185,83,2,0,True,1,car,0 days 00:00:04.600000,0 days 02:06:38.627000
2022-05-29 14:07:38.928,6509,79,2,3,True,1,car,0 days 00:00:04.880000,0 days 02:06:38.907000
2022-05-29 14:07:39.248,6441,76,2,8,True,1,car,0 days 00:00:05.200000,0 days 02:06:39.227000
2022-05-29 14:07:39.448,6365,73,2,8,False,1,car,0 days 00:00:05.400000,0 days 02:06:39.427000
2022-05-29 14:07:39.648,6038,72,2,11,False,1,car,0 days 00:00:05.600000,0 days 02:06:39.627000
2022-05-29 14:07:39.808,5984,71,2,8,True,1,car,0 days 00:00:05.760000,0 days 02:06:39.787000
2022-05-29 14:07:40.008,5745,68,2,3,True,1,car,0 days 00:00:05.960000,0 days 02:06:39.987000
2022-05-29 14:07:40.168,5560,66,2,6,False,1,car,0 days 00:00:06.120000,0 days 02:06:40.147000
2022-05-29 14:07:40.528,5515,64,2,9,False,1,car,0 days 00:00:06.480000,0 days 02:06:40.507000
2022-05-29 14:07:40.808,5300,64,2,7,False,1,car,0 days 00:00:06.760000,0 days 02:06:40.787000
2022-05-29 14:07:41.048,5222,62,2,8,False,1,car,0 days 00:00:07,0 days 02:06:41.027000
2022-05-29 14:07:41.248,5215,60,2,9,False,1,car,0 days 00:00:07.200000,0 days 02:06:41.227000
2022-05-29 14:07:41.608,5352,61,2,21,False,1,car,0 days 00:00:07.560000,0 days 02:06:41.587000
2022-05-29 14:07:41.809,5638,64,2,26,False,1,car,0 days 00:00:07.761000,0 days 02:06:41.788000
2022-05-29 14:07:42.008,5876,66,2,30,False,1,car,0 days 00:00:07.960000,0 days 02:06:41.987000
2022-05-29 14:07:42.208,6067,69,2,34,False,1,car,0 days 00:00:08.160000,0 days 02:06:42.187000
2022-05-29 14:07:42.448,6220,71,2,16,True,1,car,0 days 00:00:08.400000,0 days 02:06:42.427000
2022-05-29 14:07:42.808,5800,66,2,13,True,1,car,0 days 00:00:08.760000,0 days 02:06:42.787000
2022-05-29 14:07:43.129,5842,65,2,41,True,1,car,0 days 00:00:09.081000,0 days 02:06:43.108000
2022-05-29 14:07:43.367,6247,69,2,50,False,1,car,0 days 00:00:09.319000,0 days 02:06:43.346000
2022-05-29 14:07:43.607,7146,74,2,50,False,1,car,0 days 00:00:09.559000,0 days 02:06:43.586000
2022-05-29 14:07:43.848,8780,79,2,61,False,1,car,0 days 00:00:09.800000,0 days 02:06:43.827000
2022-05-29 14:07:44.048,10180,82,2,50,False,1,car,0 days 00:00:10,0 days 02:06:44.027000
2022-05-29 14:07:44.368,9305,86,2,51,False,1,car,0 days 00:00:10.320000,0 days 02:06:44.347000
2022-05-29 14:07:44.608,8745,89,2,50,False,1,car,0 days 00:00:10.560000,0 days 02:06:44.587000
2022-05-29 14:07:44.888,8975,99,2,63,False,1,car,0 days 00:00:10.840000,0 days 02:06:44.867000
2022-05-29 14:07:45.048,9427,105,2,64,False,1,car,0 days 00:00:11,0 days 02:06:45.027000
2022-05-29 14:07:45.448,10306,117,2,68,False,1,car,0 days 00:00:11.400000,0 days 02:06:45.427000
2022-05-29 14:07:45.648,10973,122,2,69,False,1,car,0 days 00:00:11.600000,0 days 02:06:45.627000
2022-05-29 14:07:46.128,10119,135,3,72,False,1,car,0 days 00:00:12.080000,0 days 02:06:46.107000
2022-05-29 14:07:46.288,10575,138,3,73,False,1,car,0 days 00:00:12.240000,0 days 02:06:46.267000
2022-05-29 14:07:46.688,11390,151,3,83,False,1,car,0 days 00:00:12.640000,0 days 02:06:46.667000
2022-05-29 14:07:47.128,10572,163,4,95,False,1,car,0 days 00:00:13.080000,0 days 02:06:47.107000
2022-05-29 14:07:47.368,11447,169,4,97,False,1,car,0 days 00:00:13.320000,0 days 02:06:47.347000
2022-05-29 14:07:47.768,11288,181,4,80,False,1,car,0 days 00:00:13.720000,0 days 02:06:47.747000
2022-05-29 14:07:47.928,10308,185,4,100,False,1,car,0 days 00:00:13.880000,0 days 02:06:47.907000
2022-05-29 14:07:48.088,9950,188,5,100,False,1,car,0 days 00:00:14.040000,0 days 02:06:48.067000
2022-05-29 14:07:48.248,10241,190,5,98,True,1,car,0 days 00:00:14.200000,0 days 02:06:48.227000
2022-05-29 14:07:48.488,10358,197,5,75,True,1,car,0 days 00:00:14.440000,0 days 02:06:48.467000
2022-05-29 14:07:48.688,9643,196,5,14,True,1,car,0 days 00:00:14.640000,0 days 02:06:48.667000
2022-05-29 14:07:49.048,9317,170,5,5,True,1,car,0 days 00:00:15,0 days 02:06:49.027000
2022-05-29 14:07:49.209,9824,166,5,6,True,1,car,0 days 00:00:15.161000,0 days 02:06:49.188000
2022-05-29 14:07:49.688,10002,158,4,63,False,1,car,0 days 00:00:15.640000,0 days 02:06:49.667000
2022-05-29 14:07:49.848,10198,159,4,69,False,1,car,0 days 00:00:15.800000,0 days 02:06:49.827000
2022-05-29 14:07:50.087,10285,164,4,73,False,1,car,0 days 00:00:16.039000,0 days 02:06:50.066000
2022-05-29 14:07:50.328,10635,172,4,79,False,1,car,0 days 00:00:16.280000,0 days 02:06:50.307000
2022-05-29 14:07:50.728,10070,162,4,7,True,1,car,0 days 00:00:16.680000,0 days 02:06:50.707000
2022-05-29 14:07:51.128,9052,141,4,6,True,1,car,0 days 00:00:17.080000,0 days 02:06:51.107000
2022-05-29 14:07:51.528,9649,129,3,49,False,1,car,0 days 00:00:17.480000,0 days 02:06:51.507000
2022-05-29 14:07:51.928,10079,136,3,65,False,1,car,0 days 00:00:17.880000,0 days 02:06:51.907000
2022-05-29 14:07:52.168,10409,139,3,65,False,1,car,0 days 00:00:18.120000,0 days 02:06:52.147000
2022-05-29 14:07:52.568,10774,145,3,17,True,1,car,0 days 00:00:18.520000,0 days 02:06:52.547000
2022-05-29 14:07:52.728,10494,138,3,3,True,1,car,0 days 00:00:18.680000,0 days 02:06:52.707000
2022-05-29 14:07:53.008,9346,125,3,1,True,1,car,0 days 00:00:18.960000,0 days 02:06:52.987000
2022-05-29 14:07:53.328,8347,110,3,1,True,1,car,0 days 00:00:19.280000,0 days 02:06:53.307000
2022-05-29 14:07:53.688,9392,107,2,26,False,1,car,0 days 00:00:19.640000,0 days 02:06:53.667000
2022-05-29 14:07:53.968,9633,108,2,49,False,1,car,0 days 00:00:19.920000,0 days 02:06:53.947000
2022-05-29 14:07:54.248,9715,112,2,46,False,1,car,0 days 00:00:20.200000,0 days 02:06:54.227000
2022-05-29 14:07:54.488,9685,113,2,30,True,1,car,0 days 00:00:20.440000,0 days 02:06:54.467000
2022-05-29 14:07:54.728,9426,111,2,27,True,1,car,0 days 00:00:20.680000,0 days 02:06:54.707000
2022-05-29 14:07:54.888,9378,110,2,18,True,1,car,0 days 00:00:20.840000,0 days 02:06:54.867000
2022-05-29 14:07:55.128,8947,104,2,0,True,1,car,0 days 00:00:21.080000,0 days 02:06:55.107000
2022-05-29 14:07:55.328,8608,101,2,16,True,1,car,0 days 00:00:21.280000,0 days 02:06:55.307000
2022-05-29 14:07:55.528,8682,99,2,29,False,1,car,0 days 00:00:21.480000,0 days 02:06:55.507000
2022-05-29 14:07:55.968,8637,99,2,42,False,1,car,0 days 00:00:21.920000,0 days 02:06:55.947000
2022-05-29 14:07:56.168,8630,101,2,30,False,1,car,0 days 00:00:22.120000,0 days 02:06:56.147000
2022-05-29 14:07:56.368,8332,99,2,1,True,1,car,0 days 00:00:22.320000,0 days 02:06:56.347000
2022-05-29 14:07:56.647,8011,95,2,15,True,1,car,0 days 00:00:22.599000,0 days 02:06:56.626000
2022-05-29 14:07:56.967,7900,91,2,23,False,1,car,0 days 00:00:22.919000,0 days 02:06:56.946000
2022-05-29 14:07:57.208,7853,91,2,25,False,1,car,0 days 00:00:23.160000,0 days 02:06:57.187000
2022-05-29 14:07:57.488,7614,91,2,8,True,1,car,0 days 00:00:23.440000,0 days 02:06:57.467000
2022-05-29 14:07:57.728,7331,85,2,1,True,1,car,0 days 00:00:23.680000,0 days 02:06:57.707000
2022-05-29 14:07:57.888,7317,83,2,0,True,1,car,0 days 00:00:23.840000,0 days 02:06:57.867000
2022-05-29 14:07:58.168,8577,77,1,13,True,1,car,0 days 00:00:24.120000,0 days 02:06:58.147000
2022-05-29 14:07:58.448,8707,76,1,35,False,1,car,0 days 00:00:24.400000,0 days 02:06:58.427000
2022-05-29 14:07:58.728,8958,78,1,39,False,1,car,0 days 00:00:24.680000,0 days 02:06:58.707000
2022-05-29 14:07:59.008,9297,80,1,42,False,1,car,0 days 00:00:24.960000,0 days 02:06:58.987000
2022-05-29 14:07:59.288,9295,83,1,39,False,1,car,0 days 00:00:25.240000,0 days 02:06:59.267000
2022-05-29 14:07:59.448,9457,83,1,35,False,1,car,0 days 00:00:25.400000,0 days 02:06:59.427000
2022-05-29 14:07:59.608,9422,83,1,34,False,1,car,0 days 00:00:25.560000,0 days 02:06:59.587000
2022-05-29 14:07:59.808,9371,82,1,34,False,1,car,0 days 00:00:25.760000,0 days 02:06:59.787000
2022-05-29 14:08:00.128,9217,81,1,0,True,1,car,0 days 00:00:26.080000,0 days 02:07:00.107000
2022-05-29 14:08:00.568,8865,78,1,32,False,1,car,0 days 00:00:26.520000,0 days 02:07:00.547000
2022-05-29 14:08:00.768,9244,79,1,45,False,1,car,0 days 00:00:26.720000,0 days 02:07:00.747000
2022-05-29 14:08:00.968,9654,83,1,50,False,1,car,0 days 00:00:26.920000,0 days 02:07:00.947000
2022-05-29 14:08:01.328,8955,81,1,1,True,1,car,0 days 00:00:27.280000,0 days 02:07:01.307000
2022-05-29 14:08:01.608,8293,73,1,7,True,1,car,0 days 00:00:27.560000,0 days 02:07:01.587000
2022-05-29 14:08:01.808,8333,73,1,21,False,1,car,0 days 00:00:27.760000,0 days 02:07:01.787000
2022-05-29 14:08:02.009,8374,73,1,28,False,1,car,0 days 00:00:27.961000,0 days 02:07:01.988000
2022-05-29 14:08:02.328,8470,73,1,27,False,1,car,0 days 00:00:28.280000,0 days 02:07:02.307000
2022-05-29 14:08:02.569,8472,74,1,25,False,1,car,0 days 00:00:28.521000,0 days 02:07:02.548000
2022-05-29 14:08:02.809,8330,74,1,17,False,1,car,0 days 00:00:28.761000,0 days 02:07:02.788000
2022-05-29 14:08:03.009,7847,72,1,5,True,1,car,0 days 00:00:28.961000,0 days 02:07:02.988000
2022-05-29 14:08:03.288,7561,70,1,5,True,1,car,0 days 00:00:29.240000,0 days 02:07:03.267000
2022-05-29 14:08:03.568,7113,66,1,3,False,1,car,0 days 00:00:29.520000,0 days 02:07:03.547000
2022-05-29 14:08:03.928,7346,61,1,27,False,1,car,0 days 00:00:29.880000,0 days 02:07:03.907000
2022-05-29 14:08:04.128,7270,63,1,35,False,1,car,0 days 00:00:30.080000,0 days 02:07:04.107000
2022-05-29 14:08:04.328,7771,66,1,40,False,1,car,0 days 00:00:30.280000,0 days 02:07:04.307000
2022-05-29 14:08:04.648,8286,72,1,44,False,1,car,0 days 00:00:30.600000,0 days 02:07:04.627000
2022-05-29 14:08:04.848,8341,76,1,44,False,1,car,0 days 00:00:30.800000,0 days 02:07:04.827000
2022-05-29 14:08:05.048,9461,80,1,51,False,1,car,0 days 00:00:31,0 days 02:07:05.027000
2022-05-29 14:08:05.288,10302,85,1,55,False,1,car,0 days 00:00:31.240000,0 days 02:07:05.267000
2022-05-29 14:08:05.488,10562,91,1,56,False,1,car,0 days 00:00:31.440000,0 days 02:07:05.467000
2022-05-29 14:08:05.728,9477,99,2,57,False,1,car,0 days 00:00:31.680000,0 days 02:07:05.707000
2022-05-29 14:08:06.088,9511,104,2,64,False,1,car,0 days 00:00:32.040000,0 days 02:07:06.067000
2022-05-29 14:08:06.288,10106,114,2,62,False,1,car,0 days 00:00:32.240000,0 days 02:07:06.267000
2022-05-29 14:08:06.568,10817,120,2,57,False,1,car,0 days 00:00:32.520000,0 days 02:07:06.547000
2022-05-29 14:08:06.808,10131,120,2,11,True,1,car,0 days 00:00:32.760000,0 days 02:07:06.787000
2022-05-29 14:08:07.248,8808,105,2,3,True,1,car,0 days 00:00:33.200000,0 days 02:07:07.227000
2022-05-29 14:08:07.609,7854,92,2,3,True,1,car,0 days 00:00:33.561000,0 days 02:07:07.588000
2022-05-29 14:08:07.888,9213,87,2,4,True,1,car,0 days 00:00:33.840000,0 days 02:07:07.867000
2022-05-29 14:08:08.128,8550,77,1,5,True,1,car,0 days 00:00:34.080000,0 days 02:07:08.107000
2022-05-29 14:08:08.368,8102,72,1,19,True,1,car,0 days 00:00:34.320000,0 days 02:07:08.347000
2022-05-29 14:08:08.728,8717,73,1,46,False,1,car,0 days 00:00:34.680000,0 days 02:07:08.707000
2022-05-29 14:08:09.009,9680,82,1,57,False,1,car,0 days 00:00:34.961000,0 days 02:07:08.988000
2022-05-29 14:08:09.288,11498,85,1,61,False,1,car,0 days 00:00:35.240000,0 days 02:07:09.267000
2022-05-29 14:08:09.488,12662,90,1,61,False,1,car,0 days 00:00:35.440000,0 days 02:07:09.467000
2022-05-29 14:08:09.809,11785,97,1,24,True,1,car,0 days 00:00:35.761000,0 days 02:07:09.788000
2022-05-29 14:08:10.008,10115,88,1,4,True,1,car,0 days 00:00:35.960000,0 days 02:07:09.987000
2022-05-29 14:08:10.248,9049,82,1,0,True,1,car,0 days 00:00:36.200000,0 days 02:07:10.227000
2022-05-29 14:08:10.448,8677,75,1,0,True,1,car,0 days 00:00:36.400000,0 days 02:07:10.427000
2022-05-29 14:08:10.728,7271,64,1,9,True,1,car,0 days 00:00:36.680000,0 days 02:07:10.707000
2022-05-29 14:08:11.008,6956,61,1,9,True,1,car,0 days 00:00:36.960000,0 days 02:07:10.987000
2022-05-29 14:08:11.288,7109,62,1,10,True,1,car,0 days 00:00:37.240000,0 days 02:07:11.267000
2022-05-29 14:08:11.528,6492,60,1,0,True,1,car,0 days 00:00:37.480000,0 days 02:07:11.507000
2022-05-29 14:08:11.808,5976,53,1,5,True,1,car,0 days 00:00:37.760000,0 days 02:07:11.787000
2022-05-29 14:08:12.008,5782,51,1,5,True,1,car,0 days 00:00:37.960000,0 days 02:07:11.987000
2022-05-29 14:08:12.208,5709,50,1,2,False,1,car,0 days 00:00:38.160000,0 days 02:07:12.187000
2022-05-29 14:08:12.688,5727,50,1,16,False,1,car,0 days 00:00:38.640000,0 days 02:07:12.667000
2022-05-29 14:08:12.848,5692,51,1,18,False,1,car,0 days 00:00:38.800000,0 days 02:07:12.827000
2022-05-29 14:08:13.048,5895,52,1,14,False,1,car,0 days 00:00:39,0 days 02:07:13.027000
2022-05-29 14:08:13.248,6026,53,1,14,False,1,car,0 days 00:00:39.200000,0 days 02:07:13.227000
2022-05-29 14:08:13.408,5935,53,1,12,False,1,car,0 days 00:00:39.360000,0 days 02:07:13.387000
2022-05-29 14:08:13.568,5887,53,1,9,False,1,car,0 days 00:00:39.520000,0 days 02:07:13.547000
2022-05-29 14:08:13.928,5931,51,1,12,False,1,car,0 days 00:00:39.880000,0 days 02:07:13.907000
2022-05-29 14:08:14.328,5845,52,1,12,False,1,car,0 days 00:00:40.280000,0 days 02:07:14.307000
2022-05-29 14:08:14.728,6006,53,1,18,False,1,car,0 days 00:00:40.680000,0 days 02:07:14.707000
2022-05-29 14:08:14.968,6400,55,1,21,False,1,car,0 days 00:00:40.920000,0 days 02:07:14.947000
2022-05-29 14:08:15.208,6937,56,1,30,False,1,car,0 days 00:00:41.160000,0 days 02:07:15.187000
2022-05-29 14:08:15.529,7562,64,1,39,False,1,car,0 days 00:00:41.481000,0 days 02:07:15.508000
2022-05-29 14:08:15.688,7562,64,1,39,False,1,car,0 days 00:00:41.640000,0 days 02:07:15.667000
2022-05-29 14:08:15.888,8364,72,1,44,False,1,car,0 days 00:00:41.840000,0 days 02:07:15.867000
2022-05-29 14:08:16.088,8896,76,1,49,False,1,car,0 days 00:00:42.040000,0 days 02:07:16.067000
2022-05-29 14:08:16.409,9950,86,1,55,False,1,car,0 days 00:00:42.361000,0 days 02:07:16.388000
2022-05-29 14:08:16.609,9794,92,1,53,False,1,car,0 days 00:00:42.561000,0 days 02:07:16.588000
2022-05-29 14:08:17.008,8179,92,2,51,True,1,car,0 days 00:00:42.960000,0 days 02:07:16.987000
2022-05-29 14:08:17.248,7392,87,2,0,True,1,car,0 days 00:00:43.200000,0 days 02:07:17.227000
2022-05-29 14:08:17.488,6734,81,2,0,True,1,car,0 days 00:00:43.440000,0 days 02:07:17.467000
2022-05-29 14:08:17.728,6443,71,2,0,True,1,car,0 days 00:00:43.680000,0 days 02:07:17.707000
2022-05-29 14:08:17.968,5603,66,1,0,True,1,car,0 days 00:00:43.920000,0 days 02:07:17.947000
2022-05-29 14:08:18.248,6884,60,1,0,True,1,car,0 days 00:00:44.200000,0 days 02:07:18.227000
2022-05-29 14:08:18.448,6425,58,1,0,True,1,car,0 days 00:00:44.400000,0 days 02:07:18.427000
2022-05-29 14:08:18.728,6187,56,1,0,True,1,car,0 days 00:00:44.680000,0 days 02:07:18.707000
2022-05-29 14:08:19.128,5683,51,1,0,True,1,car,0 days 00:00:45.080000,0 days 02:07:19.107000
2022-05-29 14:08:19.368,5360,49,1,0,True,1,car,0 days 00:00:45.320000,0 days 02:07:19.347000
2022-05-29 14:08:19.609,5071,46,1,2,True,1,car,0 days 00:00:45.561000,0 days 02:07:19.588000
2022-05-29 14:08:19.768,4999,46,1,4,True,1,car,0 days 00:00:45.720000,0 days 02:07:19.747000
2022-05-29 14:08:20.008,4811,44,1,2,True,1,car,0 days 00:00:45.960000,0 days 02:07:19.987000
2022-05-29 14:08:20.248,4574,42,1,4,False,1,car,0 days 00:00:46.200000,0 days 02:07:20.227000
2022-05-29 14:08:20.448,4331,41,1,8,False,1,car,0 days 00:00:46.400000,0 days 02:07:20.427000
2022-05-29 14:08:20.728,4371,39,1,8,False,1,car,0 days 00:00:46.680000,0 days 02:07:20.707000
2022-05-29 14:08:20.968,4157,39,1,6,False,1,car,0 days 00:00:46.920000,0 days 02:07:20.947000
2022-05-29 14:08:21.288,3965,37,1,5,False,1,car,0 days 00:00:47.240000,0 days 02:07:21.267000
2022-05-29 14:08:21.528,3901,36,1,10,False,1,car,0 days 00:00:47.480000,0 days 02:07:21.507000
2022-05-29 14:08:21.688,3909,35,1,11,False,1,car,0 days 00:00:47.640000,0 days 02:07:21.667000
2022-05-29 14:08:21.888,3883,35,1,7,False,1,car,0 days 00:00:47.840000,0 days 02:07:21.867000
2022-05-29 14:08:22.088,3896,35,1,15,False,1,car,0 days 00:00:48.040000,0 days 02:07:22.067000
2022-05-29 14:08:22.288,4007,36,1,14,False,1,car,0 days 00:00:48.240000,0 days 02:07:22.267000
2022-05-29 14:08:22.488,4181,35,1,14,False,1,car,0 days 00:00:48.440000,0 days 02:07:22.467000
2022-05-29 14:08:22.768,4476,38,1,18,False,1,car,0 days 00:00:48.720000,0 days 02:07:22.747000
2022-05-29 14:08:22.969,4617,39,1,19,False,1,car,0 days 00:00:48.921000,0 days 02:07:22.948000
2022-05-29 14:08:23.369,5537,45,1,24,False,1,car,0 days 00:00:49.321000,0 days 02:07:23.348000
2022-05-29 14:08:23.688,5209,48,1,6,True,1,car,0 days 00:00:49.640000,0 days 02:07:23.667000
2022-05-29 14:08:23.848,4924,46,1,0,True,1,car,0 days 00:00:49.800000,0 days 02:07:23.827000
2022-05-29 14:08:24.048,4779,43,1,0,True,1,car,0 days 00:00:50,0 days 02:07:24.027000
2022-05-29 14:08:24.248,4966,39,1,28,True,1,car,0 days 00:00:50.200000,0 days 02:07:24.227000
2022-05-29 14:08:24.488,6059,44,1,38,False,1,car,0 days 00:00:50.440000,0 days 02:07:24.467000
2022-05-29 14:08:24.728,7346,51,1,44,False,1,car,0 days 00:00:50.680000,0 days 02:07:24.707000
2022-05-29 14:08:25.128,8369,60,1,15,False,1,car,0 days 00:00:51.080000,0 days 02:07:25.107000
2022-05-29 14:08:25.528,7268,60,1,14,True,1,car,0 days 00:00:51.480000,0 days 02:07:25.507000
2022-05-29 14:08:25.688,6950,60,1,9,True,1,car,0 days 00:00:51.640000,0 days 02:07:25.667000
2022-05-29 14:08:25.888,6712,59,1,0,True,1,car,0 days 00:00:51.840000,0 days 02:07:25.867000
2022-05-29 14:08:26.168,6459,57,1,0,True,1,car,0 days 00:00:52.120000,0 days 02:07:26.147000
2022-05-29 14:08:26.528,5927,53,1,0,True,1,car,0 days 00:00:52.480000,0 days 02:07:26.507000
2022-05-29 14:08:26.768,5788,51,1,0,False,1,car,0 days 00:00:52.720000,0 days 02:07:26.747000
2022-05-29 14:08:27.048,5568,50,1,0,False,1,car,0 days 00:00:53,0 days 02:07:27.027000
2022-05-29 14:08:27.288,5372,50,1,2,False,1,car,0 days 00:00:53.240000,0 days 02:07:27.267000
2022-05-29 14:08:27.528,5440,48,1,10,False,1,car,0 days 00:00:53.480000,0 days 02:07:27.507000
2022-05-29 14:08:27.768,5269,48,1,14,False,1,car,0 days 00:00:53.720000,0 days 02:07:27.747000
2022-05-29 14:08:27.928,5737,49,1,14,False,1,car,0 days 00:00:53.880000,0 days 02:07:27.907000
2022-05-29 14:08:28.248,5959,52,1,24,False,1,car,0 days 00:00:54.200000,0 days 02:07:28.227000
2022-05-29 14:08:28.688,7471,60,1,40,False,1,car,0 days 00:00:54.640000,0 days 02:07:28.667000
2022-05-29 14:08:29.009,8858,70,1,50,False,1,car,0 days 00:00:54.961000,0 days 02:07:28.988000
2022-05-29 14:08:29.249,9640,72,1,49,False,1,car,0 days 00:00:55.201000,0 days 02:07:29.228000
2022-05-29 14:08:29.529,8753,77,1,4,True,1,car,0 days 00:00:55.481000,0 days 02:07:29.508000
2022-05-29 14:08:29.889,7579,70,1,0,True,1,car,0 days 00:00:55.841000,0 days 02:07:29.868000
2022-05-29 14:08:30.089,6939,64,1,0,True,1,car,0 days 00:00:56.041000,0 days 02:07:30.068000
2022-05-29 14:08:30.248,6618,59,1,7,True,1,car,0 days 00:00:56.200000,0 days 02:07:30.227000
2022-05-29 14:08:30.488,6836,58,1,14,False,1,car,0 days 00:00:56.440000,0 days 02:07:30.467000
2022-05-29 14:08:30.768,6675,58,1,10,False,1,car,0 days 00:00:56.720000,0 days 02:07:30.747000
2022-05-29 14:08:30.968,6684,58,1,10,False,1,car,0 days 00:00:56.920000,0 days 02:07:30.947000
2022-05-29 14:08:31.328,6195,55,1,3,False,1,car,0 days 00:00:57.280000,0 days 02:07:31.307000
2022-05-29 14:08:31.528,6221,54,1,0,False,1,car,0 days 00:00:57.480000,0 days 02:07:31.507000
2022-05-29 14:08:31.848,6037,52,1,11,False,1,car,0 days 00:00:57.800000,0 days 02:07:31.827000
2022-05-29 14:08:32.048,6037,52,1,11,False,1,car,0 days 00:00:58,0 days 02:07:32.027000
2022-05-29 14:08:32.328,6115,53,1,18,False,1,car,0 days 00:00:58.280000,0 days 02:07:32.307000
2022-05-29 14:08:32.488,6301,54,1,17,False,1,car,0 days 00:00:58.440000,0 days 02:07:32.467000
2022-05-29 14:08:32.768,6124,55,1,13,False,1,car,0 days 00:00:58.720000,0 days 02:07:32.747000
2022-05-29 14:08:32.928,6120,55,1,12,False,1,car,0 days 00:00:58.880000,0 days 02:07:32.907000
2022-05-29 14:08:33.128,6308,55,1,20,False,1,car,0 days 00:00:59.080000,0 days 02:07:33.107000
2022-05-29 14:08:33.408,6673,57,1,20,False,1,car,0 days 00:00:59.360000,0 days 02:07:33.387000
2022-05-29 14:08:33.648,6538,57,1,10,False,1,car,0 days 00:00:59.600000,0 days 02:07:33.627000
2022-05-29 14:08:33.888,6522,56,1,1,False,1,car,0 days 00:00:59.840000,0 days 02:07:33.867000
2022-05-29 14:08:34.128,6445,57,1,16,False,1,car,0 days 00:01:00.080000,0 days 02:07:34.107000
2022-05-29 14:08:34.288,6013,57,1,1,False,1,car,0 days 00:01:00.240000,0 days 02:07:34.267000
2022-05-29 14:08:34.448,6156,55,1,0,True,1,car,0 days 00:01:00.400000,0 days 02:07:34.427000
2022-05-29 14:08:34.768,5828,51,1,10,True,1,car,0 days 00:01:00.720000,0 days 02:07:34.747000
2022-05-29 14:08:34.968,5609,49,1,4,True,1,car,0 days 00:01:00.920000,0 days 02:07:34.947000
2022-05-29 14:08:35.168,5513,47,1,10,False,1,car,0 days 00:01:01.120000,0 days 02:07:35.147000
2022-05-29 14:08:35.328,5096,47,1,5,False,1,car,0 days 00:01:01.280000,0 days 02:07:35.307000
2022-05-29 14:08:35.488,5296,46,1,10,False,1,car,0 days 00:01:01.440000,0 days 02:07:35.467000
2022-05-29 14:08:35.688,5312,47,1,20,False,1,car,0 days 00:01:01.640000,0 days 02:07:35.667000
2022-05-29 14:08:35.848,5784,49,1,25,False,1,car,0 days 00:01:01.800000,0 days 02:07:35.827000
2022-05-29 14:08:36.049,6277,53,1,37,False,1,car,0 days 00:01:02.001000,0 days 02:07:36.028000
2022-05-29 14:08:36.329,7013,60,1,46,False,1,car,0 days 00:01:02.281000,0 days 02:07:36.308000
2022-05-29 14:08:36.529,8413,64,1,51,False,1,car,0 days 00:01:02.481000,0 days 02:07:36.508000
2022-05-29 14:08:37.008,10311,74,1,51,False,1,car,0 days 00:01:02.960000,0 days 02:07:36.987000
2022-05-29 14:08:37.208,9434,78,1,59,False,1,car,0 days 00:01:03.160000,0 days 02:07:37.187000
2022-05-29 14:08:37.408,8802,83,2,55,False,1,car,0 days 00:01:03.360000,0 days 02:07:37.387000
2022-05-29 14:08:37.848,11050,91,2,50,False,1,car,0 days 00:01:03.800000,0 days 02:07:37.827000
2022-05-29 14:08:38.008,10737,93,2,54,False,1,car,0 days 00:01:03.960000,0 days 02:07:37.987000
2022-05-29 14:08:38.488,10336,105,2,52,False,1,car,0 days 00:01:04.440000,0 days 02:07:38.467000
2022-05-29 14:08:38.728,9435,112,2,61,False,1,car,0 days 00:01:04.680000,0 days 02:07:38.707000
2022-05-29 14:08:39.048,9092,120,3,70,False,1,car,0 days 00:01:05,0 days 02:07:39.027000
2022-05-29 14:08:39.328,9615,127,3,74,False,1,car,0 days 00:01:05.280000,0 days 02:07:39.307000
2022-05-29 14:08:39.648,10845,137,3,82,False,1,car,0 days 00:01:05.600000,0 days 02:07:39.627000
2022-05-29 14:08:39.968,11605,152,3,90,False,1,car,0 days 00:01:05.920000,0 days 02:07:39.947000
2022-05-29 14:08:40.208,11054,164,3,100,False,1,car,0 days 00:01:06.160000,0 days 02:07:40.187000
2022-05-29 14:08:40.528,11014,175,4,100,False,1,car,0 days 00:01:06.480000,0 days 02:07:40.507000
2022-05-29 14:08:40.688,11382,180,4,100,False,1,car,0 days 00:01:06.640000,0 days 02:07:40.667000
2022-05-29 14:08:40.888,11648,187,4,98,False,1,car,0 days 00:01:06.840000,0 days 02:07:40.867000
2022-05-29 14:08:41.128,9968,191,5,42,True,1,car,0 days 00:01:07.080000,0 days 02:07:41.107000
2022-05-29 14:08:41.368,9823,187,5,41,True,1,car,0 days 00:01:07.320000,0 days 02:07:41.347000
2022-05-29 14:08:41.729,9759,185,5,55,False,1,car,0 days 00:01:07.681000,0 days 02:07:41.708000
2022-05-29 14:08:42.048,9654,186,5,51,True,1,car,0 days 00:01:08,0 days 02:07:42.027000
2022-05-29 14:08:42.368,9805,186,5,56,False,1,car,0 days 00:01:08.320000,0 days 02:07:42.347000
2022-05-29 14:08:42.529,9619,186,5,36,True,1,car,0 days 00:01:08.481000,0 days 02:07:42.508000
2022-05-29 14:08:42.769,9260,181,5,20,True,1,car,0 days 00:01:08.721000,0 days 02:07:42.748000
2022-05-29 14:08:42.928,9011,175,5,11,True,1,car,0 days 00:01:08.880000,0 days 02:07:42.907000
2022-05-29 14:08:43.249,9010,163,5,5,True,1,car,0 days 00:01:09.201000,0 days 02:07:43.228000
2022-05-29 14:08:43.489,9764,159,4,13,True,1,car,0 days 00:01:09.441000,0 days 02:07:43.468000
2022-05-29 14:08:43.688,9589,154,4,42,False,1,car,0 days 00:01:09.640000,0 days 02:07:43.667000
2022-05-29 14:08:44.048,9489,154,4,55,False,1,car,0 days 00:01:10,0 days 02:07:44.027000
2022-05-29 14:08:44.248,9250,153,4,9,True,1,car,0 days 00:01:10.200000,0 days 02:07:44.227000
2022-05-29 14:08:44.528,8431,143,4,2,True,1,car,0 days 00:01:10.480000,0 days 02:07:44.507000
2022-05-29 14:08:44.768,7681,128,4,3,True,1,car,0 days 00:01:10.720000,0 days 02:07:44.747000
2022-05-29 14:08:44.968,8290,116,4,4,True,1,car,0 days 00:01:10.920000,0 days 02:07:44.947000
2022-05-29 14:08:45.328,8538,98,2,27,True,1,car,0 days 00:01:11.280000,0 days 02:07:45.307000
2022-05-29 14:08:45.728,8837,101,2,55,False,1,car,0 days 00:01:11.680000,0 days 02:07:45.707000
2022-05-29 14:08:45.968,9230,105,2,53,False,1,car,0 days 00:01:11.920000,0 days 02:07:45.947000
2022-05-29 14:08:46.168,9660,109,2,57,False,1,car,0 days 00:01:12.120000,0 days 02:07:46.147000
2022-05-29 14:08:46.448,10248,116,2,61,False,1,car,0 days 00:01:12.400000,0 days 02:07:46.427000
2022-05-29 14:08:46.648,10681,121,2,60,False,1,car,0 days 00:01:12.600000,0 days 02:07:46.627000
2022-05-29 14:08:47.048,9881,118,2,3,True,1,car,0 days 00:01:13,0 days 02:07:47.027000
2022-05-29 14:08:47.248,9247,111,2,1,True,1,car,0 days 00:01:13.200000,0 days 02:07:47.227000
2022-05-29 14:08:47.608,7962,93,2,1,True,1,car,0 days 00:01:13.560000,0 days 02:07:47.587000
2022-05-29 14:08:48.009,9121,80,1,22,True,1,car,0 days 00:01:13.961000,0 days 02:07:47.988000
2022-05-29 14:08:48.488,9571,86,1,53,False,1,car,0 days 00:01:14.440000,0 days 02:07:48.467000
2022-05-29 14:08:48.888,11580,94,1,55,False,1,car,0 days 00:01:14.840000,0 days 02:07:48.867000
2022-05-29 14:08:49.168,9698,104,2,67,False,1,car,0 days 00:01:15.120000,0 days 02:07:49.147000
2022-05-29 14:08:49.409,10102,114,2,65,False,1,car,0 days 00:01:15.361000,0 days 02:07:49.388000
2022-05-29 14:08:49.729,10928,123,2,69,False,1,car,0 days 00:01:15.681000,0 days 02:07:49.708000
2022-05-29 14:08:50.169,10165,127,2,4,True,1,car,0 days 00:01:16.121000,0 days 02:07:50.148000
2022-05-29 14:08:50.368,9483,118,2,1,True,1,car,0 days 00:01:16.320000,0 days 02:07:50.347000
2022-05-29 14:08:50.728,9035,95,2,3,True,1,car,0 days 00:01:16.680000,0 days 02:07:50.707000
2022-05-29 14:08:51.128,10369,87,1,53,False,1,car,0 days 00:01:17.080000,0 days 02:07:51.107000
2022-05-29 14:08:51.328,10892,92,1,62,False,1,car,0 days 00:01:17.280000,0 days 02:07:51.307000
2022-05-29 14:08:51.568,12387,99,1,73,False,1,car,0 days 00:01:17.520000,0 days 02:07:51.547000
2022-05-29 14:08:51.768,11316,103,1,13,True,1,car,0 days 00:01:17.720000,0 days 02:07:51.747000
2022-05-29 14:08:52.008,10974,96,1,1,True,1,car,0 days 00:01:17.960000,0 days 02:07:51.987000
2022-05-29 14:08:52.368,9595,89,1,1,True,1,car,0 days 00:01:18.320000,0 days 02:07:52.347000
2022-05-29 14:08:52.688,8323,76,1,1,True,1,car,0 days 00:01:18.640000,0 days 02:07:52.667000
2022-05-29 14:08:52.848,7691,70,1,6,True,1,car,0 days 00:01:18.800000,0 days 02:07:52.827000
2022-05-29 14:08:53.008,7438,66,1,6,True,1,car,0 days 00:01:18.960000,0 days 02:07:52.987000
2022-05-29 14:08:53.208,7014,61,1,0,True,1,car,0 days 00:01:19.160000,0 days 02:07:53.187000
2022-05-29 14:08:53.528,6614,58,1,17,False,1,car,0 days 00:01:19.480000,0 days 02:07:53.507000
2022-05-29 14:08:53.728,6877,59,1,22,False,1,car,0 days 00:01:19.680000,0 days 02:07:53.707000
2022-05-29 14:08:54.048,6910,61,1,18,True,1,car,0 days 00:01:20,0 days 02:07:54.027000
2022-05-29 14:08:54.208,6899,61,1,16,True,1,car,0 days 00:01:20.160000,0 days 02:07:54.187000
2022-05-29 14:08:54.408,6606,59,1,8,True,1,car,0 days 00:01:20.360000,0 days 02:07:54.387000
2022-05-29 14:08:54.729,6137,54,1,5,True,1,car,0 days 00:01:20.681000,0 days 02:07:54.708000
2022-05-29 14:08:55.008,6158,53,1,13,False,1,car,0 days 00:01:20.960000,0 days 02:07:54.987000
2022-05-29 14:08:55.368,5998,52,1,14,False,1,car,0 days 00:01:21.320000,0 days 02:07:55.347000
2022-05-29 14:08:55.728,6028,53,1,14,False,1,car,0 days 00:01:21.680000,0 days 02:07:55.707000
2022-05-29 14:08:56.049,5772,53,1,3,True,1,car,0 days 00:01:22.001000,0 days 02:07:56.028000
2022-05-29 14:08:56.329,5547,51,1,3,False,1,car,0 days 00:01:22.281000,0 days 02:07:56.308000
2022-05-29 14:08:56.569,5608,48,1,10,False,1,car,0 days 00:01:22.521000,0 days 02:07:56.548000
2022-05-29 14:08:56.849,5457,47,1,12,False,1,car,0 days 00:01:22.801000,0 days 02:07:56.828000
2022-05-29 14:08:57.008,5317,46,1,12,False,1,car,0 days 00:01:22.960000,0 days 02:07:56.987000
2022-05-29 14:08:57.328,5097,46,1,11,False,1,car,0 days 00:01:23.280000,0 days 02:07:57.307000
2022-05-29 14:08:57.608,5051,46,1,12,False,1,car,0 days 00:01:23.560000,0 days 02:07:57.587000
2022-05-29 14:08:57.848,5059,44,1,6,False,1,car,0 days 00:01:23.800000,0 days 02:07:57.827000
2022-05-29 14:08:58.008,4861,43,1,3,False,1,car,0 days 00:01:23.960000,0 days 02:07:57.987000
2022-05-29 14:08:58.208,4590,41,1,0,False,1,car,0 days 00:01:24.160000,0 days 02:07:58.187000
2022-05-29 14:08:58.448,4661,40,1,5,False,1,car,0 days 00:01:24.400000,0 days 02:07:58.427000
2022-05-29 14:08:58.648,4410,39,1,8,False,1,car,0 days 00:01:24.600000,0 days 02:07:58.627000
2022-05-29 14:08:58.928,4435,39,1,14,False,1,car,0 days 00:01:24.880000,0 days 02:07:58.907000
2022-05-29 14:08:59.208,4704,41,1,19,False,1,car,0 days 00:01:25.160000,0 days 02:07:59.187000
2022-05-29 14:08:59.448,4866,43,1,21,False,1,car,0 days 00:01:25.400000,0 days 02:07:59.427000
2022-05-29 14:08:59.768,5585,45,1,25,False,1,car,0 days 00:01:25.720000,0 days 02:07:59.747000
2022-05-29 14:08:59.968,5736,45,1,26,False,1,car,0 days 00:01:25.920000,0 days 02:07:59.947000
2022-05-29 14:09:00.328,6539,56,1,22,False,1,car,0 days 00:01:26.280000,0 days 02:08:00.307000
2022-05-29 14:09:00.488,6497,58,1,16,False,1,car,0 days 00:01:26.440000,0 days 02:08:00.467000
2022-05-29 14:09:00.648,6497,59,1,16,False,1,car,0 days 00:01:26.600000,0 days 02:08:00.627000
2022-05-29 14:09:00.888,7045,61,1,28,False,1,car,0 days 00:01:26.840000,0 days 02:08:00.867000
2022-05-29 14:09:01.128,7804,66,1,41,False,1,car,0 days 00:01:27.080000,0 days 02:08:01.107000
2022-05-29 14:09:01.329,8378,71,1,47,False,1,car,0 days 00:01:27.281000,0 days 02:08:01.308000
2022-05-29 14:09:01.609,8780,78,1,50,False,1,car,0 days 00:01:27.561000,0 days 02:08:01.588000
2022-05-29 14:09:01.768,9200,78,1,56,False,1,car,0 days 00:01:27.720000,0 days 02:08:01.747000
2022-05-29 14:09:02.049,10706,87,1,59,False,1,car,0 days 00:01:28.001000,0 days 02:08:02.028000
2022-05-29 14:09:02.248,10832,95,1,18,True,1,car,0 days 00:01:28.200000,0 days 02:08:02.227000
2022-05-29 14:09:02.568,9506,87,1,0,True,1,car,0 days 00:01:28.520000,0 days 02:08:02.547000
2022-05-29 14:09:02.769,8827,82,1,0,True,1,car,0 days 00:01:28.721000,0 days 02:08:02.748000
2022-05-29 14:09:02.969,8261,74,1,0,True,1,car,0 days 00:01:28.921000,0 days 02:08:02.948000
2022-05-29 14:09:03.249,6581,59,1,5,True,1,car,0 days 00:01:29.201000,0 days 02:08:03.228000
2022-05-29 14:09:03.529,6345,55,1,21,False,1,car,0 days 00:01:29.481000,0 days 02:08:03.508000
2022-05-29 14:09:03.728,6808,57,1,42,False,1,car,0 days 00:01:29.680000,0 days 02:08:03.707000
2022-05-29 14:09:04.088,9301,66,1,58,False,1,car,0 days 00:01:30.040000,0 days 02:08:04.067000
2022-05-29 14:09:04.248,10421,69,1,51,False,1,car,0 days 00:01:30.200000,0 days 02:08:04.227000
2022-05-29 14:09:04.488,10594,74,1,51,False,1,car,0 days 00:01:30.440000,0 days 02:08:04.467000
2022-05-29 14:09:04.688,10113,80,1,61,False,1,car,0 days 00:01:30.640000,0 days 02:08:04.667000
2022-05-29 14:09:05.008,11881,91,1,67,False,1,car,0 days 00:01:30.960000,0 days 02:08:04.987000
2022-05-29 14:09:05.208,12221,97,1,65,False,1,car,0 days 00:01:31.160000,0 days 02:08:05.187000
2022-05-29 14:09:05.448,11101,102,1,65,False,1,car,0 days 00:01:31.400000,0 days 02:08:05.427000
2022-05-29 14:09:05.808,8981,108,2,22,True,1,car,0 days 00:01:31.760000,0 days 02:08:05.787000
2022-05-29 14:09:06.008,8518,100,2,3,True,1,car,0 days 00:01:31.960000,0 days 02:08:05.987000
2022-05-29 14:09:06.208,7936,91,2,0,True,1,car,0 days 00:01:32.160000,0 days 02:08:06.187000
2022-05-29 14:09:06.488,9138,84,2,0,True,1,car,0 days 00:01:32.440000,0 days 02:08:06.467000
2022-05-29 14:09:06.728,8125,72,1,16,True,1,car,0 days 00:01:32.680000,0 days 02:08:06.707000
2022-05-29 14:09:06.928,7910,68,1,36,True,1,car,0 days 00:01:32.880000,0 days 02:08:06.907000
2022-05-29 14:09:07.168,8366,71,1,50,False,1,car,0 days 00:01:33.120000,0 days 02:08:07.147000
2022-05-29 14:09:07.528,10608,81,1,54,False,1,car,0 days 00:01:33.480000,0 days 02:08:07.507000
2022-05-29 14:09:07.728,11705,85,1,58,False,1,car,0 days 00:01:33.680000,0 days 02:08:07.707000
2022-05-29 14:09:07.888,12825,87,1,57,False,1,car,0 days 00:01:33.840000,0 days 02:08:07.867000
2022-05-29 14:09:08.368,10586,94,1,24,True,1,car,0 days 00:01:34.320000,0 days 02:08:08.347000
2022-05-29 14:09:08.528,10283,90,1,10,True,1,car,0 days 00:01:34.480000,0 days 02:08:08.507000
2022-05-29 14:09:08.888,9903,86,1,16,True,1,car,0 days 00:01:34.840000,0 days 02:08:08.867000
2022-05-29 14:09:09.169,9450,83,1,17,False,1,car,0 days 00:01:35.121000,0 days 02:08:09.148000
2022-05-29 14:09:09.369,9549,83,1,24,False,1,car,0 days 00:01:35.321000,0 days 02:08:09.348000
2022-05-29 14:09:09.649,9378,82,1,30,False,1,car,0 days 00:01:35.601000,0 days 02:08:09.628000
2022-05-29 14:09:09.929,9347,81,1,29,False,1,car,0 days 00:01:35.881000,0 days 02:08:09.908000
2022-05-29 14:09:10.289,9236,81,1,35,False,1,car,0 days 00:01:36.241000,0 days 02:08:10.268000
2022-05-29 14:09:10.568,9534,82,1,42,False,1,car,0 days 00:01:36.520000,0 days 02:08:10.547000
2022-05-29 14:09:10.768,9778,83,1,43,False,1,car,0 days 00:01:36.720000,0 days 02:08:10.747000
2022-05-29 14:09:11.128,10105,87,1,47,False,1,car,0 days 00:01:37.080000,0 days 02:08:11.107000
2022-05-29 14:09:11.368,10409,90,1,44,False,1,car,0 days 00:01:37.320000,0 days 02:08:11.347000
2022-05-29 14:09:11.648,8589,92,2,50,False,1,car,0 days 00:01:37.600000,0 days 02:08:11.627000
2022-05-29 14:09:11.968,8796,100,2,52,False,1,car,0 days 00:01:37.920000,0 days 02:08:11.947000
2022-05-29 14:09:12.128,9076,104,2,55,False,1,car,0 days 00:01:38.080000,0 days 02:08:12.107000
2022-05-29 14:09:12.408,9725,110,2,56,False,1,car,0 days 00:01:38.360000,0 days 02:08:12.387000
2022-05-29 14:09:12.648,10066,115,2,57,False,1,car,0 days 00:01:38.600000,0 days 02:08:12.627000
2022-05-29 14:09:12.888,10478,119,2,58,False,1,car,0 days 00:01:38.840000,0 days 02:08:12.867000
2022-05-29 14:09:13.048,10586,121,2,53,False,1,car,0 days 00:01:39,0 days 02:08:13.027000
2022-05-29 14:09:13.209,10385,118,2,11,False,1,car,0 days 00:01:39.161000,0 days 02:08:13.188000
2022-05-29 14:09:13.448,9429,112,2,4,False,1,car,0 days 00:01:39.400000,0 days 02:08:13.427000
2022-05-29 14:09:13.688,8899,105,2,8,False,1,car,0 days 00:01:39.640000,0 days 02:08:13.667000
2022-05-29 14:09:13.888,8714,100,2,27,False,1,car,0 days 00:01:39.840000,0 days 02:08:13.867000
2022-05-29 14:09:14.288,8659,101,2,34,False,1,car,0 days 00:01:40.240000,0 days 02:08:14.267000
2022-05-29 14:09:14.448,8723,100,2,30,False,1,car,0 days 00:01:40.400000,0 days 02:08:14.427000
2022-05-29 14:09:14.768,8536,100,2,23,False,1,car,0 days 00:01:40.720000,0 days 02:08:14.747000
2022-05-29 14:09:14.968,8208,98,2,11,True,1,car,0 days 00:01:40.920000,0 days 02:08:14.947000
2022-05-29 14:09:15.328,7948,90,2,12,False,1,car,0 days 00:01:41.280000,0 days 02:08:15.307000
2022-05-29 14:09:15.648,7571,91,2,7,True,1,car,0 days 00:01:41.600000,0 days 02:08:15.627000
2022-05-29 14:09:16.049,7310,85,2,0,True,1,car,0 days 00:01:42.001000,0 days 02:08:16.028000
2022-05-29 14:09:16.209,8150,82,2,0,True,1,car,0 days 00:01:42.161000,0 days 02:08:16.188000
2022-05-29 14:09:16.489,8933,80,1,1,True,1,car,0 days 00:01:42.441000,0 days 02:08:16.468000
2022-05-29 14:09:16.649,8357,75,1,1,True,1,car,0 days 00:01:42.601000,0 days 02:08:16.628000
2022-05-29 14:09:16.889,7972,71,1,0,True,1,car,0 days 00:01:42.841000,0 days 02:08:16.868000
2022-05-29 14:09:17.208,7473,64,1,5,True,1,car,0 days 00:01:43.160000,0 days 02:08:17.187000
2022-05-29 14:09:17.448,7132,64,1,11,False,1,car,0 days 00:01:43.400000,0 days 02:08:17.427000
2022-05-29 14:09:17.608,6992,64,1,11,False,1,car,0 days 00:01:43.560000,0 days 02:08:17.587000
2022-05-29 14:09:17.928,6922,62,1,0,True,1,car,0 days 00:01:43.880000,0 days 02:08:17.907000
2022-05-29 14:09:18.088,6896,60,1,0,True,1,car,0 days 00:01:44.040000,0 days 02:08:18.067000
2022-05-29 14:09:18.288,6534,57,1,12,True,1,car,0 days 00:01:44.240000,0 days 02:08:18.267000
2022-05-29 14:09:18.528,6312,57,1,25,False,1,car,0 days 00:01:44.480000,0 days 02:08:18.507000
2022-05-29 14:09:18.768,7016,61,1,36,False,1,car,0 days 00:01:44.720000,0 days 02:08:18.747000
2022-05-29 14:09:18.968,7572,64,1,41,False,1,car,0 days 00:01:44.920000,0 days 02:08:18.947000
2022-05-29 14:09:19.208,8136,71,1,46,False,1,car,0 days 00:01:45.160000,0 days 02:08:19.187000
2022-05-29 14:09:19.408,8715,77,1,50,False,1,car,0 days 00:01:45.360000,0 days 02:08:19.387000
2022-05-29 14:09:19.568,9385,79,1,53,False,1,car,0 days 00:01:45.520000,0 days 02:08:19.547000
2022-05-29 14:09:19.808,9446,85,1,37,False,1,car,0 days 00:01:45.760000,0 days 02:08:19.787000
2022-05-29 14:09:20.088,8927,80,1,0,True,1,car,0 days 00:01:46.040000,0 days 02:08:20.067000
2022-05-29 14:09:20.448,7399,70,1,0,True,1,car,0 days 00:01:46.400000,0 days 02:08:20.427000
2022-05-29 14:09:20.728,6448,56,1,16,True,1,car,0 days 00:01:46.680000,0 days 02:08:20.707000
2022-05-29 14:09:21.008,6227,59,1,16,False,1,car,0 days 00:01:46.960000,0 days 02:08:20.987000
2022-05-29 14:09:21.248,7907,64,1,59,False,1,car,0 days 00:01:47.200000,0 days 02:08:21.227000
2022-05-29 14:09:21.568,8609,70,1,21,True,1,car,0 days 00:01:47.520000,0 days 02:08:21.547000
2022-05-29 14:09:21.888,6985,63,1,0,True,1,car,0 days 00:01:47.840000,0 days 02:08:21.867000
2022-05-29 14:09:22.088,6063,56,1,0,True,1,car,0 days 00:01:48.040000,0 days 02:08:22.067000
2022-05-29 14:09:22.329,5848,50,1,34,True,1,car,0 days 00:01:48.281000,0 days 02:08:22.308000
2022-05-29 14:09:22.488,6311,50,1,44,False,1,car,0 days 00:01:48.440000,0 days 02:08:22.467000
2022-05-29 14:09:22.649,7150,55,1,53,False,1,car,0 days 00:01:48.601000,0 days 02:08:22.628000
2022-05-29 14:09:22.929,8690,59,1,30,False,1,car,0 days 00:01:48.881000,0 days 02:08:22.908000
2022-05-29 14:09:23.089,8410,61,1,2,False,1,car,0 days 00:01:49.041000,0 days 02:08:23.068000
2022-05-29 14:09:23.409,6572,56,1,0,True,1,car,0 days 00:01:49.361000,0 days 02:08:23.388000
2022-05-29 14:09:23.689,6059,53,1,1,True,1,car,0 days 00:01:49.641000,0 days 02:08:23.668000
2022-05-29 14:09:23.848,6227,53,1,17,False,1,car,0 days 00:01:49.800000,0 days 02:08:23.827000
2022-05-29 14:09:24.088,6032,54,1,17,False,1,car,0 days 00:01:50.040000,0 days 02:08:24.067000
2022-05-29 14:09:24.288,6372,54,1,18,False,1,car,0 days 00:01:50.240000,0 days 02:08:24.267000
2022-05-29 14:09:24.448,6258,55,1,13,False,1,car,0 days 00:01:50.400000,0 days 02:08:24.427000
2022-05-29 14:09:24.688,6252,55,1,9,False,1,car,0 days 00:01:50.640000,0 days 02:08:24.667000
2022-05-29 14:09:24.928,6252,55,1,9,False,1,car,0 days 00:01:50.880000,0 days 02:08:24.907000
2022-05-29 14:09:25.088,6063,51,1,20,False,1,car,0 days 00:01:51.040000,0 days 02:08:25.067000
2022-05-29 14:09:25.368,6315,53,1,25,False,1,car,0 days 00:01:51.320000,0 days 02:08:25.347000
2022-05-29 14:09:25.648,6715,57,1,27,False,1,car,0 days 00:01:51.600000,0 days 02:08:25.627000
2022-05-29 14:09:25.808,6810,59,1,22,False,1,car,0 days 00:01:51.760000,0 days 02:08:25.787000
2022-05-29 14:09:26.088,6279,57,1,0,True,1,car,0 days 00:01:52.040000,0 days 02:08:26.067000
2022-05-29 14:09:26.368,6130,54,1,5,False,1,car,0 days 00:01:52.320000,0 days 02:08:26.347000
2022-05-29 14:09:26.528,5814,53,1,8,False,1,car,0 days 00:01:52.480000,0 days 02:08:26.507000
2022-05-29 14:09:26.928,5886,51,1,13,False,1,car,0 days 00:01:52.880000,0 days 02:08:26.907000
2022-05-29 14:09:27.128,5795,52,1,23,False,1,car,0 days 00:01:53.080000,0 days 02:08:27.107000
2022-05-29 14:09:27.408,6355,56,1,24,False,1,car,0 days 00:01:53.360000,0 days 02:08:27.387000
2022-05-29 14:09:27.648,6504,56,1,19,False,1,car,0 days 00:01:53.600000,0 days 02:08:27.627000
2022-05-29 14:09:27.929,6734,58,1,19,False,1,car,0 days 00:01:53.881000,0 days 02:08:27.908000
2022-05-29 14:09:28.088,6723,58,1,19,False,1,car,0 days 00:01:54.040000,0 days 02:08:28.067000
2022-05-29 14:09:28.408,6239,55,1,1,True,1,car,0 days 00:01:54.360000,0 days 02:08:28.387000
2022-05-29 14:09:28.648,5829,52,1,10,True,1,car,0 days 00:01:54.600000,0 days 02:08:28.627000
2022-05-29 14:09:28.968,5834,50,1,12,True,1,car,0 days 00:01:54.920000,0 days 02:08:28.947000
2022-05-29 14:09:29.169,6017,52,1,20,False,1,car,0 days 00:01:55.121000,0 days 02:08:29.148000
2022-05-29 14:09:29.409,5794,53,1,13,False,1,car,0 days 00:01:55.361000,0 days 02:08:29.388000
2022-05-29 14:09:29.729,5899,52,1,11,True,1,car,0 days 00:01:55.681000,0 days 02:08:29.708000
2022-05-29 14:09:29.929,5619,49,1,1,True,1,car,0 days 00:01:55.881000,0 days 02:08:29.908000
2022-05-29 14:09:30.249,5603,48,1,22,False,1,car,0 days 00:01:56.201000,0 days 02:08:30.228000
2022-05-29 14:09:30.449,5773,49,1,19,False,1,car,0 days 00:01:56.401000,0 days 02:08:30.428000
2022-05-29 14:09:30.728,5649,50,1,8,True,1,car,0 days 00:01:56.680000,0 days 02:08:30.707000
2022-05-29 14:09:31.048,5494,47,1,20,False,1,car,0 days 00:01:57,0 days 02:08:31.027000
2022-05-29 14:09:31.488,5718,52,1,8,False,1,car,0 days 00:01:57.440000,0 days 02:08:31.467000
2022-05-29 14:09:31.848,5483,47,1,0,True,1,car,0 days 00:01:57.800000,0 days 02:08:31.827000
2022-05-29 14:09:32.328,5608,51,1,40,False,1,car,0 days 00:01:58.280000,0 days 02:08:32.307000
2022-05-29 14:09:32.568,5596,52,1,1,True,1,car,0 days 00:01:58.520000,0 days 02:08:32.547000
2022-05-29 14:09:32.848,5222,45,1,24,True,1,car,0 days 00:01:58.800000,0 days 02:08:32.827000
2022-05-29 14:09:33.088,5782,45,1,46,False,1,car,0 days 00:01:59.040000,0 days 02:08:33.067000
2022-05-29 14:09:33.368,7742,52,1,42,False,1,car,0 days 00:01:59.320000,0 days 02:08:33.347000
2022-05-29 14:09:33.729,7748,59,1,50,True,1,car,0 days 00:01:59.681000,0 days 02:08:33.708000
2022-05-29 14:09:33.929,6694,59,1,0,True,1,car,0 days 00:01:59.881000,0 days 02:08:33.908000
2022-05-29 14:09:34.088,6085,59,1,0,True,1,car,0 days 00:02:00.040000,0 days 02:08:34.067000
2022-05-29 14:09:34.408,5267,46,1,0,True,1,car,0 days 00:02:00.360000,0 days 02:08:34.387000
2022-05-29 14:09:34.648,5731,43,1,38,False,1,car,0 days 00:02:00.600000,0 days 02:08:34.627000
2022-05-29 14:09:35.048,7380,54,1,45,False,1,car,0 days 00:02:01,0 days 02:08:35.027000
2022-05-29 14:09:35.248,6679,56,1,14,True,1,car,0 days 00:02:01.200000,0 days 02:08:35.227000
2022-05-29 14:09:35.649,6832,59,1,27,False,1,car,0 days 00:02:01.601000,0 days 02:08:35.628000
2022-05-29 14:09:35.889,6257,57,1,7,True,1,car,0 days 00:02:01.841000,0 days 02:08:35.868000
2022-05-29 14:09:36.209,5828,51,1,0,True,1,car,0 days 00:02:02.161000,0 days 02:08:36.188000
2022-05-29 14:09:36.449,5740,48,1,10,True,1,car,0 days 00:02:02.401000,0 days 02:08:36.428000
2022-05-29 14:09:36.689,5116,47,1,6,True,1,car,0 days 00:02:02.641000,0 days 02:08:36.668000
2022-05-29 14:09:36.969,5067,45,1,0,False,1,car,0 days 00:02:02.921000,0 days 02:08:36.948000
2022-05-29 14:09:37.169,4730,43,1,0,False,1,car,0 days 00:02:03.121000,0 days 02:08:37.148000
2022-05-29 14:09:37.488,4702,40,1,0,True,1,car,0 days 00:02:03.440000,0 days 02:08:37.467000
2022-05-29 14:09:37.648,4480,38,1,0,True,1,car,0 days 00:02:03.600000,0 days 02:08:37.627000
2022-05-29 14:09:37.968,4214,35,1,0,False,1,car,0 days 00:02:03.920000,0 days 02:08:37.947000
2022-05-29 14:09:38.448,4243,38,1,14,False,1,car,0 days 00:02:04.400000,0 days 02:08:38.427000
2022-05-29 14:09:38.648,4209,37,1,11,False,1,car,0 days 00:02:04.600000,0 days 02:08:38.627000
2022-05-29 14:09:38.968,4296,37,1,8,False,1,car,0 days 00:02:04.920000,0 days 02:08:38.947000
2022-05-29 14:09:39.288,3691,34,1,0,False,1,car,0 days 00:02:05.240000,0 days 02:08:39.267000
2022-05-29 14:09:39.488,3595,34,1,14,False,1,car,0 days 00:02:05.440000,0 days 02:08:39.467000
2022-05-29 14:09:39.888,4330,35,1,14,False,1,car,0 days 00:02:05.840000,0 days 02:08:39.867000
2022-05-29 14:09:40.288,4002,36,1,12,False,1,car,0 days 00:02:06.240000,0 days 02:08:40.267000
2022-05-29 14:09:40.648,3994,36,1,6,False,1,car,0 days 00:02:06.600000,0 days 02:08:40.627000
2022-05-29 14:09:40.848,3514,34,1,0,True,1,car,0 days 00:02:06.800000,0 days 02:08:40.827000
2022-05-29 14:09:41.048,3610,32,1,1,False,1,car,0 days 00:02:07,0 days 02:08:41.027000
2022-05-29 14:09:41.288,3264,31,1,3,False,1,car,0 days 00:02:07.240000,0 days 02:08:41.267000
2022-05-29 14:09:41.568,3397,30,1,13,False,1,car,0 days 00:02:07.520000,0 days 02:08:41.547000
2022-05-29 14:09:41.929,3932,34,1,23,False,1,car,0 days 00:02:07.881000,0 days 02:08:41.908000
2022-05-29 14:09:42.169,4415,36,1,18,False,1,car,0 days 00:02:08.121000,0 days 02:08:42.148000
2022-05-29 14:09:42.449,4849,40,1,22,False,1,car,0 days 00:02:08.401000,0 days 02:08:42.428000
2022-05-29 14:09:42.729,5351,44,1,25,False,1,car,0 days 00:02:08.681000,0 days 02:08:42.708000
2022-05-29 14:09:43.009,5859,48,1,22,False,1,car,0 days 00:02:08.961000,0 days 02:08:42.988000
2022-05-29 14:09:43.209,4894,46,1,0,True,1,car,0 days 00:02:09.161000,0 days 02:08:43.188000
2022-05-29 14:09:43.449,4560,42,1,1,True,1,car,0 days 00:02:09.401000,0 days 02:08:43.428000
2022-05-29 14:09:43.649,4284,40,1,12,False,1,car,0 days 00:02:09.601000,0 days 02:08:43.628000
2022-05-29 14:09:43.809,4284,39,1,12,False,1,car,0 days 00:02:09.761000,0 days 02:08:43.788000
2022-05-29 14:09:44.008,4402,39,1,12,False,1,car,0 days 00:02:09.960000,0 days 02:08:43.987000
2022-05-29 14:09:44.448,4137,38,1,5,True,1,car,0 days 00:02:10.400000,0 days 02:08:44.427000
2022-05-29 14:09:44.888,4269,35,1,11,False,1,car,0 days 00:02:10.840000,0 days 02:08:44.867000
2022-05-29 14:09:45.128,3853,35,1,0,False,1,car,0 days 00:02:11.080000,0 days 02:08:45.107000
2022-05-29 14:09:45.368,3771,33,1,0,False,1,car,0 days 00:02:11.320000,0 days 02:08:45.347000
2022-05-29 14:09:45.688,3582,32,1,5,False,1,car,0 days 00:02:11.640000,0 days 02:08:45.667000
2022-05-29 14:09:46.008,4260,32,1,25,False,1,car,0 days 00:02:11.960000,0 days 02:08:45.987000
2022-05-29 14:09:46.368,4741,35,1,15,False,1,car,0 days 00:02:12.320000,0 days 02:08:46.347000
2022-05-29 14:09:46.568,4321,35,1,0,True,1,car,0 days 00:02:12.520000,0 days 02:08:46.547000
2022-05-29 14:09:46.768,3401,33,1,0,False,1,car,0 days 00:02:12.720000,0 days 02:08:46.747000
2022-05-29 14:09:46.928,3606,32,1,16,False,1,car,0 days 00:02:12.880000,0 days 02:08:46.907000
2022-05-29 14:09:47.128,4267,33,1,32,False,1,car,0 days 00:02:13.080000,0 days 02:08:47.107000
2022-05-29 14:09:47.368,5225,37,1,23,False,1,car,0 days 00:02:13.320000,0 days 02:08:47.347000
2022-05-29 14:09:47.568,4805,39,1,11,True,1,car,0 days 00:02:13.520000,0 days 02:08:47.547000
2022-05-29 14:09:47.848,4347,37,1,7,False,1,car,0 days 00:02:13.800000,0 days 02:08:47.827000
2022-05-29 14:09:48.209,4089,36,1,19,False,1,car,0 days 00:02:14.161000,0 days 02:08:48.188000
2022-05-29 14:09:48.609,4421,37,1,16,False,1,car,0 days 00:02:14.561000,0 days 02:08:48.588000
2022-05-29 14:09:48.849,4716,40,1,21,False,1,car,0 days 00:02:14.801000,0 days 02:08:48.828000
2022-05-29 14:09:49.129,5116,42,1,21,False,1,car,0 days 00:02:15.081000,0 days 02:08:49.108000
2022-05-29 14:09:49.329,5373,46,1,22,False,1,car,0 days 00:02:15.281000,0 days 02:08:49.308000
2022-05-29 14:09:49.609,5491,48,1,22,False,1,car,0 days 00:02:15.561000,0 days 02:08:49.588000
2022-05-29 14:09:49.929,6088,51,1,25,False,1,car,0 days 00:02:15.881000,0 days 02:08:49.908000
2022-05-29 14:09:50.089,5798,53,1,22,False,1,car,0 days 00:02:16.041000,0 days 02:08:50.068000
2022-05-29 14:09:50.409,5888,57,2,24,False,1,car,0 days 00:02:16.361000,0 days 02:08:50.388000
2022-05-29 14:09:50.728,5209,57,2,22,False,1,car,0 days 00:02:16.680000,0 days 02:08:50.707000
2022-05-29 14:09:50.888,5769,62,2,37,False,1,car,0 days 00:02:16.840000,0 days 02:08:50.867000
2022-05-29 14:09:51.088,6818,66,2,46,False,1,car,0 days 00:02:17.040000,0 days 02:08:51.067000
2022-05-29 14:09:51.368,7636,73,2,43,False,1,car,0 days 00:02:17.320000,0 days 02:08:51.347000
2022-05-29 14:09:51.608,7199,81,2,44,False,1,car,0 days 00:02:17.560000,0 days 02:08:51.587000
2022-05-29 14:09:51.968,7797,88,2,50,False,1,car,0 days 00:02:17.920000,0 days 02:08:51.947000
2022-05-29 14:09:52.248,8622,96,2,54,False,1,car,0 days 00:02:18.200000,0 days 02:08:52.227000
2022-05-29 14:09:52.608,7735,103,2,58,False,1,car,0 days 00:02:18.560000,0 days 02:08:52.587000
2022-05-29 14:09:52.928,8037,115,3,67,False,1,car,0 days 00:02:18.880000,0 days 02:08:52.907000
2022-05-29 14:09:53.128,9437,118,3,76,False,1,car,0 days 00:02:19.080000,0 days 02:08:53.107000
2022-05-29 14:09:53.368,11117,123,3,76,False,1,car,0 days 00:02:19.320000,0 days 02:08:53.347000
2022-05-29 14:09:53.648,10880,127,3,72,False,1,car,0 days 00:02:19.600000,0 days 02:08:53.627000
2022-05-29 14:09:53.809,10211,135,3,73,False,1,car,0 days 00:02:19.761000,0 days 02:08:53.788000
2022-05-29 14:09:54.129,10505,147,3,81,False,1,car,0 days 00:02:20.081000,0 days 02:08:54.108000
2022-05-29 14:09:54.288,9572,150,4,83,False,1,car,0 days 00:02:20.240000,0 days 02:08:54.267000
2022-05-29 14:09:54.528,10179,160,4,80,False,1,car,0 days 00:02:20.480000,0 days 02:08:54.507000
2022-05-29 14:09:54.729,10474,166,4,82,False,1,car,0 days 00:02:20.681000,0 days 02:08:54.708000
2022-05-29 14:09:55.249,11885,179,4,84,False,1,car,0 days 00:02:21.201000,0 days 02:08:55.228000
2022-05-29 14:09:55.609,11540,187,4,65,False,1,car,0 days 00:02:21.561000,0 days 02:08:55.588000
2022-05-29 14:09:55.849,10560,188,4,80,False,1,car,0 days 00:02:21.801000,0 days 02:08:55.828000
2022-05-29 14:09:56.009,10150,192,5,80,False,1,car,0 days 00:02:21.961000,0 days 02:08:55.988000
2022-05-29 14:09:56.209,10364,196,5,82,False,1,car,0 days 00:02:22.161000,0 days 02:08:56.188000
2022-05-29 14:09:56.489,10730,201,5,85,False,1,car,0 days 00:02:22.441000,0 days 02:08:56.468000
2022-05-29 14:09:56.649,10935,204,5,100,False,1,car,0 days 00:02:22.601000,0 days 02:08:56.628000
2022-05-29 14:09:56.889,11336,212,5,100,False,1,car,0 days 00:02:22.841000,0 days 02:08:56.868000
2022-05-29 14:09:57.289,11572,218,5,100,False,1,car,0 days 00:02:23.241000,0 days 02:08:57.268000
2022-05-29 14:09:57.568,10275,225,6,94,False,1,car,0 days 00:02:23.520000,0 days 02:08:57.547000
2022-05-29 14:09:58.008,10133,221,6,34,True,1,car,0 days 00:02:23.960000,0 days 02:08:57.987000
